brand,made_in_korea,is_korean_brand,aliases,memo
CeraVe,0,0,,
Hero Cosmetics (Mighty Patch),1,0,,
Neutrogena,0,0,,
Dove,0,0,,
La Roche-Posay,0,0,,
Mrs. Meyer’s,0,0,,
Burt’s Bees,0,0,,
COSRX,1,1,,
Cetaphil,0,0,,
EltaMD,0,0,,
LANEIGE,1,1,,
Paula’s Choice,0,0,,
PanOxyl,0,0,,
Bio-Oil,0,0,,
Softsoap,0,0,,
TruSkin Vitamin C,0,0,,
Differin,0,0,,
medicube,1,1,,
Rael,1,0,,
Vanicream,0,0,,
L’Oreal,0,0,,
Aquaphor,0,0,,
Thayers,0,0,,
Clean Skin Club,0,0,,
Handcraft,0,0,,
eos,0,0,,
The Ordinary,0,0,,
Gold Bond,0,0,,
Sol de Janeiro,0,0,,
Tree Hut,0,0,,
Under Eye Patches,1,0,,
ChapStick,0,0,,
Aveeno,0,0,,
Lip Smacker,0,0,,
DERMORA,1,0,,
Seraphic Skincare Korean,1,0,,
Hempz,0,0,,
VALITIC Kojic Acid,0,0,,
Sun Bum,0,0,,
SimplyVital,0,0,,
Cliganic,0,0,,
Banana Boat Sport,0,0,,
Garnier SkinActive Micellar,0,0,,
Anua,1,1,,
Amazon Basics,0,0,,
Avarelle Pimple Patches,1,0,,
BIODANCE Bio-Collagen Real,1,1,,
b.tan,0,0,,
Blistex Medicated Lip,0,0,,
First Aid Beauty,0,0,,
grace & stella,0,0,,
Face Wash by,1,0,,
d'alba Piedmont Italian,1,1,,
Beauty of Joseon,1,1,,
Dr. Squatch,0,0,,
Proactiv 3 Step,0,0,,
RoC,0,0,,
Moroccanoil Treatment,0,0,,
Method,0,0,,
Linenspa 2 Inch,0,0,,
8-Pack Lip Balm,0,0,,
Makeup Remover Cleansing,1,0,,
Mario Badescu,0,0,,
Remedy Soap Tea,0,0,,
Body Glide,0,0,,
EQQUALBERRY Vitamin Illuminating,1,1,,
e.l.f.,0,0,,
Rena Chris Gua,0,0,,
NUVADERMIS Silicone Scar,0,0,,
BLUE LIZARD Sensitive,0,0,,
Dr.Melaxin Peel Shot,1,1,,
Tree of Life,0,0,,
Supergoop! Unseen Sunscreen,0,0,,
Scar Cream Gel,0,0,,
Facial Moisturizing Lotion,0,0,,
Advanced Clinicals Retinol,0,0,,
Dial,0,0,,
Bath and Body,0,0,,
Frownies,0,0,,
Lip Balm,0,0,,
Jack Black Lip,0,0,,
Daolyo Pimple Patches,1,0,,
24K Gold Eye,1,0,,
Dr.Althea 345 Relief,1,1,,
Coppertone SPORT Sunscreen,0,0,,
Epielle Character Sheet,1,0,,
GLAM UP Sheet,1,0,,
Limited Edition,0,0,,
SUNGBOON EDITOR Deep,1,1,,
Palmer's Cocoa Butter,0,0,,
SkinSmart Facial Cleanser,0,0,,
Yardley London Moisturizing,0,0,,
Winky Lux Glimmer,0,0,,
Anti Cellulite Massage,0,0,,
Anti-Aging Face Moisturizer,0,0,,
AM Facial Moisturizing,0,0,,
AXE Body Wash,0,0,,
20% Vitamin C,0,0,,
Babyganics 50 SPF,0,0,,
Body Moisturizer by,0,0,,
Body Restore Heated,1,0,,
Bоdy Wаsh,0,0,,
Bondi Sands Self,0,0,,
ELEMIS Pro-Collagen Cleansing,0,0,,
Embryolisse Lait-Crème Concentré,0,0,,
Good Molecules Yerba,1,0,,
Black Disposable Face,1,0,,
Celavi Essence Facial,1,0,,
Deep Moisture Body,0,0,,
KOSE SOFTYMO Speedy,1,0,,
KEYCONCEPTS Pimple Patches,1,0,,
Kojie San Facial,0,0,,
KAHI Wrinkle Bounce,1,1,,
I'm From Rice,1,1,,
Irish Spring 5,0,0,,
Jergens Ultra Healing,0,0,,
Green Tea Mask,0,0,,
GOODAL Green Tangerine,1,1,,
Fасiаl Mоisturizing Lоtiоn,0,0,,
Maskiss 24k Gold,1,0,,
NAZANO 24K Gold,1,0,,
NIVEA Skin Firming,0,0,,
Liquid Hand Soap,0,0,,
Olay Body Wash,0,0,,
Omron Upper Arm,0,0,,
SA Cleanser,0,0,,
PURE Vitamin C,0,0,,
Pimple Patches,1,0,,
Puffs Plus Lotion,0,0,,
PM Facial Moisturizing,0,0,,
Naturium The Glow,0,0,,
St. Tropez Self,0,0,,
Silicone Scar Tape,0,0,,
Thinkbaby SPF 50+,0,0,,
Tea Tree Hair,0,0,,
Summer Fridays Tinted,0,0,,
Starface Hydro-Stars,1,0,,
Silicone Scar Sheets,0,0,,
Weleda Skin Food,0,0,,
Truremedy Naturals Remedy,0,0,,
Under Eye Mask,1,0,,
