용어,쉬운 뜻,비유·예시,같이 찾을 표기
ODM,브랜드 대신 화장품을 개발하고 만들어 주는 회사,예) 코스맥스·한국콜마,K-ODM
원/부자재,화장품 원료와 용기·펌프 같은 부품,예) 펌텍코리아(용기),원부자재
브랜드사,자기 이름으로 화장품을 파는 회사,예) 에이피알·아모레퍼시픽,
유통,브랜드 제품을 해외 판매처에 넘기는 회사,예) 실리콘투,
채널,소비자가 실제로 사는 곳,예) 아마존·세포라·올리브영,판매채널
밸류체인,원료에서 소비자까지 물건이 거쳐 가는 단계,원/부자재 → ODM → 브랜드사 → 유통 → 채널,
YoY,작년 같은 달(같은 분기)과 비교한 증가율,,전년 대비
3개월 평균,최근 3개월 값을 평균해 들쭉날쭉함을 줄인 값,,
12개월 누적,최근 12개월을 더한 값,계절에 따른 오르내림이 사라져요,
TTM,최근 12개월(4개 분기) 합계,,
HS 코드,수출입 품목을 분류하는 국제 번호,예) 3304 = 화장품,
HHI,수출이 몇몇 나라에 얼마나 쏠려 있는지 나타내는 점수,낮을수록 고르게 퍼져 있어요,
수출단가,수출액을 무게(kg)로 나눈 값,1kg당 몇 달러에 팔았는지,
K브랜드,한국 회사가 가진 화장품 브랜드,생산지와는 상관없어요,K브랜드 비중
한국생산,한국에서 만든 제품. 브랜드 국적과는 상관없어요,예) 미국 브랜드 Mighty Patch,한국생산 비중
Top50,아마존 카테고리 판매 순위 1~50위,,
영업이익률,100원어치 팔아서 본업으로 남기는 돈,,
매출총이익률,매출에서 원가만 빼고 남는 비율,,
판관비,광고비·인건비처럼 파는 데 드는 비용,,
재고회전일수,물건이 만들어져 팔릴 때까지 창고에 머무는 평균 기간,,재고일수
매출채권회전일수,물건을 팔고 돈을 받기까지 걸리는 평균 기간,,채권일수
연결,해외 자회사까지 합친 실적,,
별도,국내 본사만의 실적,,
인당 매출,직원 한 명이 1년에 올리는 매출,사람보다 매출이 빨리 늘면 레버리지가 생겨요,
CAPA,공장이 만들 수 있는 최대 생산량,,
가동률,CAPA 중 실제로 쓰는 비율,,
PER,주가가 1년 이익의 몇 배인지,높을수록 시장이 미래를 좋게 본다는 뜻,
후행 PER,지난 12개월 이익으로 계산한 PER,,
선행 PER,앞으로 12개월 예상 이익으로 계산한 PER,,
멀티플,PER처럼 이익 대비 주가가 몇 배인지를 부르는 말,,
리레이팅,이익은 그대로여도 시장이 더 높은 PER을 쳐주게 되는 것,,
EPS,주식 1주당 순이익,,
컨센서스,증권사 전망치의 평균,,
시가총액,주가 × 주식 수. 회사 전체의 시장 가격,,시총
계절성,계절에 따라 매출이 오르내리는 성질,예) 4분기에 매출이 줄어드는 것,
스킨부스터,피부에 주사해 피부결·탄력을 개선하는 시술 제품,예) 리쥬란·쥬베룩,
방한 외국인,한국에 들어온 외국인 수,피부과 관광 수요와 관련 있어요,
매매기준율,은행 환율의 기준이 되는 가격,,
상관계수,두 숫자가 같이 움직이는 정도(−1~1),1에 가까울수록 같이 움직여요,
선행,한 지표가 다른 지표보다 먼저 움직이는 것,,
대용 지표,직접 잴 수 없어 비슷한 것을 대신 잰 값,예) 위키 조회수로 인지도를 잼,
스냅샷,어느 한 시점에 순위를 그대로 찍어 둔 기록,예) 2026-09-30의 아마존 Top50,
%p,퍼센트끼리의 차이. 퍼센트포인트,예) 10%에서 12%가 되면 +2%p,퍼센트포인트
KOSPI,한국 증시 전체 흐름을 보여주는 대표 주가지수,시장 평균 성적표,코스피
