asin,title,brand,byline,origin,first_seen
B00027DMI8,"RoC Retinol Correxion Deep Wrinkle Anti-Aging Night Cream, Daily Face Moisturizer with Shea Butter, Glycolic Acid and Sq",RoC,,,2023-01-08
B00027DMSI,Frownies Forehead and Between Eyes Wrinkle Patches The Original Wrinkle Patch Non Invasive Wrinkle Smoothers for Forehea,Frownies,,,2023-02-15
B0009EILKS,,,,,2026-09-30
B0009F3R7E,"Burt's Bees Christmas Gifts, 3 Hand Care Stocking Stuffers Products, Hand Repair Set - Almond and Milk Cream, Lemon Butt",Burt’s Bees,,,2022-12-11
B0009RFB76,"RoC Retinol Correxion Under Eye Cream for Dark Circles & Puffiness, Daily Wrinkle Cream, Anti Aging Line Smoothing Skin ",RoC,,,2023-01-31
B000GG64O4,ChapStick Lip Balm,ChapStick,,,2022-11-11
B000H3I2JG,"Revlon ColorStay Pencil Waterproof Eyeliner, 202 Black Brown, 0.01 oz | Waterproof pencil eyeliner with built-in sharpener. S",,REVLON,-,2026-09-30
B000MIH34Q,"Jack Black Lip Balm, Natural Mint & Shea Butter, 0.25 oz",Jack Black Lip,,,2022-12-18
B000NWGCZ2,Vanicream Moisturizing Skin Cream with Pump Dispenser - 16 fl oz (1 lb) - Moisturizer Formulated Without Common Irritant,Vanicream,,,2022-09-30
B000ORV3NC,"Weleda Skin Food Original Ultra-Rich Body Cream 2.5 Fluid Ounce, Plant Rich Hydrating Moisturizer with Pansy, Chamomile ",Weleda Skin Food,,,2022-12-25
B000OYJ9AO,"HEMPZ Body Lotion Original - Floral & Banana Daily Moisturizing Cream, Shea Butter Hand and Body Moisturizer - Hemp Extr",Hempz,,,2022-12-03
B000Q6D3MA,"Yardley London Moisturizing Bath Soap Bar Oatmeal & Almond, Helps Soothe Dry Skin and Gently Exfoliates With Natural Oat",Yardley London Moisturizing,,,2022-08-04
B000V2FBAQ,KOSE SOFTYMO Speedy Cleansing Oil 230ml,KOSE SOFTYMO Speedy,,,2023-02-08
B000VPPUEA,"Bio-Oil Skincare Body Oil with Vitamin E, Serum for Scars and Stretchmarks, Face and Body Moisturizer for Sensitive Dry ",Bio-Oil,,,2023-01-01
B000YJ2SLG,CeraVe Daily Moisturizing Lotion for Dry Skin | Body Lotion & Facial Moisturizer with Hyaluronic Acid and Ceramides | 12,CeraVe,,,2022-09-23
B001459IEE,"Aveeno Daily Moisturizing Body Lotion with Soothing Prebiotic Oat, Gentle Lotion Nourishes Dry Skin With Moisture, Parab",Aveeno,,,2022-10-22
B0017SWIU4,"Mario Badescu Drying Lotion, 1 Fl oz",Mario Badescu,,,2022-10-14
B001AO0WCG,Moroccanoil Treatment,Moroccanoil Treatment,,,2022-12-18
B001ET7IQK,"Dove Beauty Bar Soap Sensitive, 8 Bars for Sensitive Skin, Fragrance Free and Hypoallergenic 3.75 oz",Dove,,,2023-09-22
B001P92FMG,"Neutrogena Sport Face Sunscreen Lotion SPF 70+, 2.5 fl. oz",,,,2026-09-30
B001QFDTWO,"Gold Bond Ultimate Lotion oz, Healing Skin Therapy, Aloe Vera, 14 Ounce",Gold Bond,,,2023-01-01
B0020VJTDG,"Mrs. Meyer's Clean Day Liquid Hand Soap Refill, Cruelty Free and Biodegradable Hand Wash Formula Made with Essential Oil",Mrs. Meyer’s,,,2022-03-08
B00261ZYB6,"Mrs. Meyer's Clean Day's Hand Soap Refill, Made with Essential Oils, Biodegradable Formula, Geranium, 33 fl. oz",Mrs. Meyer’s,,,2022-09-30
B00262227E,"MRS. MEYER'S CLEAN DAY Hand Soap Refill, Made with Essential Oils, Biodegradable Formula, Lavender, 33 fl. oz",Mrs. Meyer’s,,,2023-09-22
B002CML1VG,La Roche-Posay Anthelios Melt-In Milk Sunscreen for Face & Body SPF 60,,,,2026-09-30
B002FJ11UW,"Tea Tree Hair and Body Moisturizer Leave-In Conditioner, Body Lotion, After-Shave Cream, For All Hair + Skin Types",Tea Tree Hair,,,2022-12-18
B002JDUMFO,"L'Oreal Paris Skincare Collagen Face Moisturizer, Day and Night Cream, Anti-Aging Face, Neck and Chest Cream to smooth s",L’Oreal,,,2022-09-23
B002LC9OES,"Mario Badescu Facial Spray with Aloe, Herbs and Rosewater for All Skin Types | Face Mist that Hydrates, Rejuvenates & Cl",Mario Badescu,,,2022-12-19
B002MSN3QQ,"EltaMD UV Clear Face Sunscreen with Zinc Oxide, Oil-Free, SPF 46 and SPF 50 | Calms and Protects Acne-Prone Skin and Rosacea,",EltaMD,-,-,2022-09-23
B0034F9K36,"Jergens Ultra Healing Dry Skin Moisturizer, Body and Hand Lotion for Dry Skin, for Quick Absorption into Extra Dry Skin,",Jergens Ultra Healing,,,2023-09-22
B00365DABC,"CeraVe PM Daily Facial Moisturizer, Skin Care for Dry Skin, Oil-Free, 3oz",CeraVe,CeraVe,-,2022-03-08
B00387F42G,,,,,2026-09-30
B003QXZWYW,La Roche-Posay Lipikar AP+MAX Triple Repair Moisturizing Body Cream,La Roche-Posay,-,-,2025-10-01
B0044B4HSM,"Blistex Medicated Lip Balm, 0.15 Ounce, 3 Count (Pack of 1)",Blistex Medicated Lip,,,2022-10-22
B004AI97MA,"Bio-Oil Skincare Body Oil, Moisturizer for Scars and Stretchmarks, Hydrates Skin, Non-Greasy, Dermatologist Recommended,",Bio-Oil,,,2022-09-23
B004CDQ73K,"Thinkbaby SPF 50+ Baby Sunscreen – Safe, Natural Sunblock for Babies - Water Resistant Sun Cream – Broad Spectrum UVA/UV",Thinkbaby SPF 50+,,,2023-05-25
B004CDV7EY,"Banana Boat Sport SPF 50 Sunscreen Lotion, Family Size, 12 Fl Oz | Sweat and water resistant sunblock lotion, UVA/UVB broad s",,,,2026-09-30
B004D2DR0Q,"Neutrogena Ultra Sheer Dry Touch Sunscreen Lotion SPF 45, 2 x 3 fl. oz",,,,2026-09-30
B004EDWMBO,"Burt's Bees Christmas Gifts, 5 Stocking Stuffers Products, Everyday Essentials Set - Original Beeswax Lip Balm, Deep Cle",Burt’s Bees,,,2022-12-03
B004EDYQX6,"Burt's Bees Christmas Gifts, 6 Body Care Stocking Stuffers Products, Tips and Toes Set - Moisturizing Lip Balm, 2 Hand C",Burt’s Bees,,,2022-12-03
B004FHZKOA,Aquaphor Lip Repair Ointment - Long-lasting Moisture to Soothe Dry Chapped Lips - .35 fl. oz. Tube,Aquaphor,,,2022-10-22
B004KELK4C,"Embryolisse Lait-Crème Concentré, Face Cream & Makeup Primer - Shea Moisture Cream for Daily Skincare - Face Moisturizer",Embryolisse Lait-Crème Concentré,,,2023-01-15
B004XGLDTY,"Sun Bum Original SPF 50 Broad Spectrum Sunscreen Body Spray - 6 oz | Moisturizing with Vitamin E, Vegan, Hawaii 104 Act Compl",Sun Bum,,,2023-05-25
B004XGPM32,"Sun Bum Original SPF 50 Sunscreen Body Lotion - 8 oz | Broad Spectrum Moisturizing Sunscreen with Vitamin E, Hawaii 104 Act C",Sun Bum,,,2023-05-25
B0054LHI5A,Burt's Bees 100% Natural Moisturizing Lip Balm (Original Beeswax),Burt’s Bees,,,2022-09-23
B005IHT94S,"Neutrogena Ultra Sheer Dry Touch Sunscreen Lotion, SPF 70, 3 fl. oz | Broad Spectrum for UVA/UVB Protection, Lightweight, Wat",Neutrogena,,,2023-05-25
B0060OUV5Y,"La Roche-Posay Cicaplast Balm B5, Barrier Repair Cream for Dry Skin | Skin healing cream with centella asiatica, shea butter",La Roche-Posay,-,-,2025-11-01
B006IB5T4W,"Aquaphor Healing Ointment, 14 oz.",Aquaphor,,,2023-09-22
B007DGRT3K,"Tree Hut Shea Sugar Scrub Tropical Mango, 18oz, Ultra Hydrating and Exfoliating Scrub for Nourishing Essential Body Care",Tree Hut,,,2022-12-11
B007HD570Q,"THAYERS Alcohol-Free Rose Petal Witch Hazel Facial Toner with Aloe Vera Formula, 12 Ounce",Thayers,,,2022-09-23
B007KA7V5U,"Neutrogena Wet Skin Kids Water Resistant Sunscreen Stick for Face and Body, Broad Spectrum SPF 70, 0.47 oz",Neutrogena,,,2022-06-07
B007U54P36,"La Roche-Posay Anthelios Mineral Light Fluid Sunscreen for Face in 5 shades | Broad spectrum sunscreen, antioxidants, titaniu",,,,2026-09-30
B007VC9DKI,"Gold Bond Friction Defense Stick 1.75 oz., Soothes & Comforts for Daily Friction Prevention",Gold Bond,,,2023-05-25
B008EKY8VK,"L'Oreal Paris Revitalift Triple Power Anti-Aging Face Moisturizer, Pro Retinol, Hyaluronic Acid & Vitamin C to Reduce Wr",L’Oreal,,,2025-11-01
B008SQSBJK,"Aquaphor Lip Protectant and Sunscreen Ointment, SPF 30, 0.35 FL OZ",,,,2026-09-30
B00949CTQQ,Paula's Choice SKIN PERFECTING 2% BHA Liquid Leave-On Exfoliant,Paula’s Choice,-,-,2022-09-23
B00A8S6HM4,"Gold Bond Ultimate Healing Hand Cream, 3 oz., Lasts Through Handwashing",Gold Bond,,,2022-10-22
B00AEN4QZ8,"Neutrogena Beach Defense Sunscreen Lotion, SPF 70, 6.7 fl. oz",,,,2026-09-30
B00AINMFAC,"Nizoral Anti-Dandruff Shampoo with 1% Ketoconazole, Fresh Scent, 7 Fl Oz | Anti-Fungal Shampoo, Dandruff Shampoo for Dandruff",,Nizoral,-,2026-09-30
B00ANL8QHA,"Neutrogena Beach Defense Sunscreen Spray, SPF 70, 6.5 oz",,,,2026-09-30
B00AREGVUM,"Bio-Oil Skincare Oil, Body Oil for Scars and Stretchmarks, Dermatologist Recommended, Non-Comedogenic, For All Skin Type",Bio-Oil,,,2022-09-23
B00BDPG3HK,"Lip Smacker Disney Princess Flavored Lip Balm Party Pack 8 Count, Clear, For Kids",Lip Smacker,,,2022-12-03
B00CFHYYIA,"ELEMIS Pro-Collagen Cleansing Balm | Ultra Nourishing Treatment Balm + Facial Mask Deeply Cleanses, Soothes, Calms & Rem",ELEMIS Pro-Collagen Cleansing,,,2022-10-14
B00CXK623E,"Lip Smacker Coca-Cola Flavored Lip Balm, 8 Count, Flavors Coke, Cherry Coke, Vanilla Coke, Sprite, Root Beer, Orange Fan",Lip Smacker,,,2022-12-11
B00CXK66U8,"Lip Smacker Original & Best Holiday Flavored Lip Balm Party Pack, Oatmeal Cookie, Vanilla, Mango, Watermelon, Tropical P",Lip Smacker,,,2023-12-02
B00DI9IIEK,"Advanced Clinicals Retinol Cream Face & Body Moisturizer Anti Aging Skin Care Lotion, Moisturizing Formula Helps Erase A",Advanced Clinicals Retinol,,,2022-09-23
B00F1U0YB4,"MRS. MEYER'S CLEAN DAY Hand Soap Refill, Lemon Verbena Scent, 33 Fl Oz Bottle",Mrs. Meyer’s,-,-,2022-09-23
B00F97FHAW,"CeraVe AM Facial Daily Moisturizer, SPF 30 Face Sunscreen, 3oz | Travel Size Skin Care with Hyaluronic Acid & Niacinamide, Da",CeraVe,,,2022-03-08
B00H33ZP3O,"Neutrogena Wet Skin Kids Sunscreen Spray, Water-Resistant and Oil-Free, Broad Spectrum SPF 70+, 5 oz 2PK",Neutrogena,,,2022-06-07
B00HFG0FAM,"Hempz Fresh Coconut & Watermelon Moisturizing Skin Lotion, Natural Hemp Seed Herbal Body Moisturizer with Chamomile & Av",Hempz,,,2022-09-23
B00J1FNW28,"Palmer's Cocoa Butter Formula Moisturizing Skin Therapy Oil for Face with Vitamin E, C & 10 Pure Facial Oil Blend, Roseh",Palmer's Cocoa Butter,,,2023-02-08
B00J4YYFYA,Q-tips Cotton Swabs For Hygiene and Beauty Care Original Cotton Swab Made With 100% Cotton 750 Count,,Q-tips,-,2026-09-30
B00J5KDCO2,"EltaMD UV Daily Face Sunscreen Moisturizer, Zinc Oxide, SPF 40 and SPF 50 | Hydrates and Protects Dry Dehydrated Skin, Lightw",EltaMD,,,2022-04-13
B00JJPMXDO,Cerave Eye Repair Cream | Under Eye Cream for Dark Circles and Puffiness | Suitable for Delicate Skin Under Eye Area | 0,CeraVe,,,2022-03-08
B00JPLMD00,"Dial Complete Antibacterial Foaming Hand Soap Refill, Spring Water, 32 Fl Oz",Dial,,,2023-09-22
B00MEDOY2G,"Dove Deep Moisture Body Wash, 30.6 oz Pump, Sulfate Free | Dove Deep Moisture Body Wash hydrates dry skin for 24 hours with a",Dove,Dove,-,2022-03-08
B00MUEFG1C,Puffs Plus Lotion Facial Tissues with scent of Vicks - 48 ct - 2 pk,Puffs Plus Lotion,,,2023-09-22
B00NR1YQHM,"Neutrogena Hydro Boost Hyaluronic Acid Hydrating Water Gel Daily Face Moisturizer for Dry Skin, Oil-Free, Non-Comedogeni",Neutrogena,,,2022-08-04
B00NR1YQK4,"Neutrogena Hydro Boost Hyaluronic Acid Hydrating Gel-Cream Face Moisturizer to Hydrate & Smooth Extra-Dry Skin, Oil-Free",Neutrogena,,,2022-09-23
B00NU9MJYS,"Mrs. Meyer's Hand Soap, Made with Essential Oils, Biodegradable Formula, Lemon Verbena, 12.5 fl. oz - Pack of 3",Mrs. Meyer’s,,,2022-10-22
B00PBX3L7K,"COSRX Snail Mucin 96% Power Repairing Essence 3.38 fl.oz, 100ml, Hydrating Serum for Face with Snail Secretion Filtrate ",COSRX,,,2022-08-04
B00QY1XZ4W,Vanicream Gentle Facial Cleanser with Pump Dispenser - 8 fl oz - Formulated Without Common Irritants for Those with Sens,Vanicream,,,2024-09-06
B00R1P82UW,"Remedy Soap Tea Tree Oil Body Wash | Helps Body Odor, Athlete's Foot, Jock Itch, Ringworm, Yeast Infections, Skin Irrita",Remedy Soap Tea,,,2022-09-23
B00R602KOQ,"Kojie San Facial Beauty Soap - Skin Fairness and Moisturizing - Reduces Discoloration and Hyperpigmentation (65 grams, 2",Kojie San Facial,,,2023-05-25
B00SK71SAG,"Dove Sensitive Skin Body Wash, 24hr Lotion-Soft Skin, 30.6 oz",Dove,Dove,-,2022-10-22
B00SNPCSUY,"CeraVe Night Cream, Facial Moisturizer with Peptides & Niacinamide, 1.7oz",CeraVe,CeraVe,-,2022-03-08
B00T0C9XRK,"essence Lash Princess False Lash Effect Mascara, Black (Pack of 1) | Volumizing & Lengthening, Clump-Free Fiber Brush, Define",,Essence Cosmetics,-,2026-09-30
B00TTD9BRC,"CeraVe Moisturizing Cream, Face & Body Moisturizer for Dry Skin, 19oz | Skin Care with Hyaluronic Acid, Skin Barrier Repair,",CeraVe,CeraVe,-,2022-09-23
B00U1YCRD8,"CeraVe SA Cleanser | Salicylic Acid Cleanser with Hyaluronic Acid, Niacinamide & Ceramides| BHA Exfoliant for Face | Fra",CeraVe,,,2022-09-23
B00U2VQZDS,"Neutrogena Makeup Remover Micellar Wipes, 2 Pack of 25 Ct | Plant-Based Micellar Water Cleansing Cloths, Gently Removes Oil,",Neutrogena,Neutrogena,-,2022-09-23
B00VK5SG46,"Burt's Bees Christmas Gifts, 5 Stocking Stuffers Products, Classics Set - Original Beeswax Lip Balm, Cuticle Cream, Hand",Burt’s Bees,,,2022-12-18
B00WAJAKOU,"e.l.f. Instant Lift Brow Pencil, Dual-Sided, Neutral Brown | Retractable Precision-Tip Brow Pencil with Grooming Spoolie for",,e.l.f.,-,2026-09-30
B00X6ZNWG0,"Proactiv 3 Step Acne Treatment - Benzoyl Peroxide Face Wash, Repairing Acne Spot Treatment for Face and Body, Exfoliatin",Proactiv 3 Step,,,2022-09-23
B00ZPWR0N8,"EltaMD UV Clear SPF 46 Tinted Face Sunscreen, Broad Spectrum Sunscreen for Sensitive Skin and Acne-Prone Skin, Oil-Free ",EltaMD,,,2022-06-07
B0107QPFBU,"Aquaphor Healing Ointment - Dry Skin Moisturizer - Hands, Heels, Elbows, Lips - 7 oz. Tube",Aquaphor,,,2023-12-02
B014E2D6BY,grace & stella Award Winning Eye Patches for Puffy Eyes - Birthday Gifts for Women - Under Eye Mask for Dark Circles and Unde,Under Eye Mask,grace & stella,-,2023-11-25
B014PGEEO2,"Tree of Life Vitamin C Serum, Retinol Serum and Hyaluronic Acid Serum for Brightening, Firming, and Hydrating for Face; ",Tree of Life,,,2022-12-18
B014SAB948,"COSRX Acne Pimple Patch (96 counts) Absorbing Hydrocolloid Spot Treatment Fast Healing, Blemish Cover, 3 Sizes",COSRX,,,2022-03-08
B0173G3F9Q,"Coppertone SPORT Sunscreen Lotion SPF 50, 3 FL OZ",,,,2026-09-30
B017PCGABI,"Garnier Micellar Water, Hydrating Facial Cleanser & Makeup Remover, Suitable for Sensitive Skin, Vegan, Cruelty Free, 13.5 Fl Oz (400mL), 1 Count",Garnier SkinActive Micellar,-,-,2022-09-23
B017PCGAXQ,"Garnier SkinActive Micellar Water For Waterproof Makeup, Facial Cleanser & Makeup Remover, 13.5 fl. oz, 1 count (Packagi",Garnier SkinActive Micellar,,,2022-11-11
B0195I8XR4,"Neutrogena Fragrance-Free Makeup Remover Wipes, Daily Facial Cleanser Towelettes, Gently Removes Oil & Makeup, Alcohol-F",Neutrogena,,,2024-09-14
B01A0NT3D6,"La Roche-Posay Anthelios Clear Skin Dry Touch Sunscreen for Face, SPF 60 | Broad spectrum sunscreen with antioxidants, oil ab",,,,2026-09-30
B01A74442I,"Cliganic USDA Organic Jojoba Oil, 100% Pure (4oz) | Moisturizing Oil for Face, Hair, Skin & Nails | Natural Cold Pressed",Cliganic,,,2023-01-01
B01BPN6KG8,"HEMPZ Body Lotion Sweet Pineapple & Honey Melon Daily Moisturizing Cream, Shea Butter Hand and Body Moisturizer - Hemp E",Hempz,,,2022-12-11
B01EKUBU5Y,"TruSkin Vitamin C Face Serum – Anti Aging Face & Eye Serum with Vitamin C, Hyaluronic Acid, Vitamin E – Brightening Seru",TruSkin Vitamin C,,,2023-11-25
B01EXQ582Q,SOL DE JANEIRO Brazilian Bum Bum Cream 75ml,Sol de Janeiro,,,2022-12-03
B01H20MA62,Mighty Patch™ Original patch from Hero Cosmetics – The #1 Hydrocolloid Acne Pimple Patch for Shrinking Zits and Whitehea,Hero Cosmetics (Mighty Patch),,,2025-11-01
B01JGVQ3SQ,"Paula's Choice Skin Perfecting 2% BHA Liquid Salicylic Acid Exfoliant, Gentle Facial Exfoliator for Blackheads, Large Po",Paula’s Choice,,,2022-03-08
B01LEJ5MSK,"COSRX Snail Mucin 92% Repair Cream 3.52 oz, 100g, Daily Face Gel Moisturizer for Dry Skin, Acne-prone, Sensitive Skin, N",COSRX,,,2022-10-14
B01M4MCUAF,"TruSkin Vitamin C Serum for Face, Anti Aging Serum with Hyaluronic Acid, Vitamin E, Organic Aloe Vera and Jojoba Oil, Hy",TruSkin Vitamin C,,,2022-09-23
B01M4NFD2N,"Cetaphil Gentle Makeup Removing Face Wipes, Daily Cleansing Facial Towelettes Gently Remove Makeup, Fragrance and Alcoho",Cetaphil,,,2022-11-11
B01M59RMWJ,"eos 100% Natural & Organic Lip Balm Sticks- Vanilla Bean, All-Day Moisture, Dermatologist Recommended, 0.14 oz, 2-Pack",eos,,,2023-12-02
B01MDTVZTZ,"The Ordinary Niacinamide 10% + Zinc 1%, Smoothing Serum for Blemish-Prone Skin",The Ordinary,-,-,2025-10-01
B01MG4PSK4,"CETAPHIL Daily Hydrating Lotion for Face ,With Hyaluronic Acid, 3 fl oz, Lasting 24 Hr Hydration ,for Combination Skin, ",Cetaphil,,,2022-09-23
B01MQXX9US,"Banana Boat Sport SPF 50 Sunscreen Spray, 6 oz (2 Pack) | Sweat and water resistant sunblock spray, UVA/UVB broad spectrum pr",Banana Boat Sport,,,2023-05-25
B01MRH7MR4,"Burt's Bees Lip Balm Stocking Stuffers, Moisturizing Lip Care Christmas Gifts, 100% Natural, Original Beeswax, Strawberr",Burt’s Bees,,,2022-12-03
B01MSSDEPK,"CeraVe Hydrating Cleanser with Hyaluronic Acid, Face Wash for Dry Skin,16oz | Skin Care For Men and Women, Daily Cleanser & M",CeraVe,CeraVe,-,2022-09-23
B01MYEZPC8,"The Ordinary Hyaluronic Acid 2% + B5 (with Ceramides), Multi-Depth Hydration Serum for Plumper, Smoother Skin",The Ordinary,-,-,2025-10-01
B01N004WAJ,"Mrs. Meyer's Clean Day's Hand Soap, Made with Essential Oils, Biodegradable Formula, Honeysuckle, 12.5 fl. oz - Pack of ",Mrs. Meyer’s,,,2022-10-14
B01N1LL62W,"CeraVe Foaming Facial Cleanser, Face Wash for Oily Skin, 16fl oz | Skin Care with Hyaluronic Acid & Niacinamide, Makeup Remov",CeraVe,CeraVe,-,2022-04-13
B01N34XW93,La Roche-Posay Toleriane Purifying Foaming Facial Cleanser with Niacinamide | Oil free face wash for sensitive skin with niac,La Roche-Posay,-,-,2023-05-25
B01N7T7JKJ,"La Roche-Posay Toleriane Hydrating Gentle Facial Cleanser, with Niacinamide",La Roche-Posay,-,-,2022-09-23
B01N9SPQHQ,"La Roche-Posay Toleriane Double Repair Face Moisturizer | Daily face cream with glycerin, niacinamide and ceramide for all sk",La Roche-Posay,-,-,2022-09-23
B01NCWV3KM,"La Roche-Posay Toleriane Double Repair UV SPF Moisturizer for Face, Daily Facial Moisturizer with Sunscreen SPF 30, Niac",La Roche-Posay,,,2023-02-08
B06WD5J8KY,"The Ordinary Azelaic Acid Suspension 10%, Formula for Uneven and Blemish-Prone Skin",,-,-,2026-09-30
B06XDCPYYL,"Aquaphor Lip Repair Ointment, Moisturizing Lip Balm Pack, Relieves Dryness, 0.35 Tube, Pack of 2",Aquaphor,,,2025-11-13
B06Y15D1LH,"SKIN1004 [Hudson's Pick] Centella Ampoule, Korean Face Serum, 3.38 fl.oz | Soothing, Hydrating Face Serum with Centella Asiat",,,,2026-09-30
B071914GGL,"The Ordinary Glycolic Acid 7% Exfoliating Toner, Brightening and Smoothing Daily Toner for More Even-Looking Skin Tone",The Ordinary,-,-,2025-10-01
B071D4D5DT,,,,,2026-09-30
B0725JP4TN,"Neutrogena Rapid Wrinkle Repair Retinol Face Moisturizer, Fragrance Free, Daily Anti-Aging Face Cream with Retinol & Hya",Neutrogena,,,2023-01-31
B072KGPLX6,"Sun Bum SPF 30 Sunscreen Lip Balm, 3 Flavor Variety Pack - 0.15 oz (3-Pack)",Sun Bum,,,2023-05-25
B073Z7525P,"8-Pack Lip Balm Gift Set by Naturistick. Assorted Flavors. 100% Natural Ingredients. Best Beeswax Chapsticks for Dry, Ch",8-Pack Lip Balm,,,2022-12-11
B0742LSPL2,"b.tan Darker Self Tanner | Love At First Tan - Fast, 1 Hour Sunless Tanner Mousse, Violet-Based, Knocks Out Orange Tones",b.tan,,,2023-05-25
B074PTZCNW,"L'Oreal Paris True Match Lumi Glotion Natural Glow Enhancer Lotion, Light, 1.35 Ounces",L’Oreal,,,2023-01-01
B074PTZCNX,"L'Oreal Paris Makeup True Match Lumi Glotion Natural Glow Enhancer Lotion, Medium, 1.35 Ounces",L’Oreal,,,2022-12-25
B074PVTPBW,"Mighty Patch Hero Cosmetics Original Nighttime Acne Pimple Patches, 36 Ct | #1 Hydrocolloid Acne Patches, Shrinking Zits & Wh",Hero Cosmetics (Mighty Patch),Mighty Patch,-,2022-03-08
B074W9HR72,"Coppertone SPORT Sunscreen Spray SPF 30, Water Resistant Spray Sunscreen, Broad Spectrum SPF 30 Sunscreen Pack, 5.5 Oz S",Coppertone SPORT Sunscreen,,,2022-06-29
B074WBHHYY,"Coppertone SPORT Sunscreen Spray SPF 50, Water Resistant Spray Sunscreen, Broad Spectrum SPF 50 Sunscreen Pack, 5.5 Oz S",Coppertone SPORT Sunscreen,,,2022-06-07
B0757Y3MF9,Handcraft Eucalyptus Essential Oil - 100% Pure & Natural - Premium Therapeutic Grade with Premium Glass Dropper - Huge 4,Handcraft,,,2022-09-23
B0757Y44SK,Handcraft Rosemary Essential Oil - 100% Pure and Natural - Premium Therapeutic Grade with Premium Glass Dropper - Huge 4,Handcraft,,,2022-09-30
B075JRT85B,"Degree Men UltraClear Antiperspirant Deodorant, 2 Count, 2.7 oz",,Degree,-,2026-09-30
B075QNC39Q,"Avarelle Pimple Patches (40 Count) Hydrocolloid Acne Patches, Acne Spot Treatment for Blemishes and Zit with Tea Tree Oi",Avarelle Pimple Patches,,,2022-03-08
B075VX4QVM,,,,,2026-09-30
B075X2KL5C,"Aveeno Skin Relief Fragrance-Free Body Wash with Oat to Soothe Dry Itchy Skin, Gentle, Soap-Free & Dye-Free for Sensitiv",Aveeno,,,2022-03-08
B075X4S4GW,"Winky Lux Glimmer Balm, pH Lip Balm, Color Changing Lipstick and Tinted Lip Balm, Vegan Lip Balm, Hydrating Lip Balm, Un",Winky Lux Glimmer,,,2023-01-01
B076DSBHD1,Anti Cellulite Massage Oil Infused with Collagen and Stem Cell - Skin Tightening Cellulite Cream Moisturizing Body Oil T,Anti Cellulite Massage,,,2023-02-15
B076GZX3KL,"Neutrogena Ultra Sheer Dry Touch Sunscreen Spray, SPF 70, 3 x 5 oz",Neutrogena,,,2023-05-25
B076PMWTNM,Handcraft Frankincense Essential Oil - 100% Pure & Natural - Premium Therapeutic Grade with Premium Glass Dropper - Huge,Handcraft,,,2022-12-03
B0779YGB2G,,,,,2026-09-30
B077TQR6ZW,"CeraVe Ultra-Light Moisturizing Lotion SPF 30, Sunscreen for Face, 1.7oz | Skin Care with Hyaluronic Acid, SPF & Ceramides, T",,,,2026-09-30
B077TWXCQV,CeraVe Body Wash with Salicylic Acid | Fragrance Free Body Wash to Exfoliate Rough and Bumpy Skin | Allergy Tested | 10 ,CeraVe,,,2022-06-07
B077XC7K7V,"Lip Smacker Lippy Pal Unicorn Flavored Lip Balm | Clear Matte | Unicorn Magic | For Kids, Girls | Stocking Stuffer | Chr",Lip Smacker,,,2022-12-03
B0789HTHJW,"Mrs. Meyer's Clean Day Liquid Hand Soap Refill, Honeysuckle, 33 Oz",Mrs. Meyer’s,,,2025-11-13
B079FV6PRH,"Softsoap Liquid Hand Soap, Fresh Breeze - 7.5 Fluid Ounce (Pack of 6)",Softsoap,,,2022-03-08
B07B4KQVK6,"Mighty Patch Original from Hero Cosmetics - Hydrocolloid Acne Pimple Patch for Zits and Blemishes, Spot Treatment Sticke",Hero Cosmetics (Mighty Patch),,,2022-03-08
B07C3NBJ33,"GLAM UP Sheet mask Facial Sheet Mask 12 Combo (Pack of 12) - Face Masks Skincare, Hydrating Face Masks, Moisturizing, Br",GLAM UP Sheet,,,2022-12-03
B07C5SS6YD,"Paula's Choice SKIN PERFECTING 2% BHA Liquid Exfoliant with Salicylic Acid, Facial Polish for Enlarged Pores, Wrinkles &",Paula’s Choice,,,2025-11-13
B07CMH6RJW,"b.tan Ultra Dark Self Tanner | Tanned AF - 100% Natural, Fast, 1 Hour Sunless Tanner Mousse, ​No Gimmicks, No Fake Tan S",b.tan,,,2022-03-08
B07CYQDDHC,Body Glide Original Anti-Chafe Balm,Body Glide,,,2022-06-29
B07DY2QRF6,LANEIGE Lip Glowy Balm,LANEIGE,,,2022-10-14
B07FPJHPX1,Celavi Essence Facial Sheet Face Mask Variety Set Classic Authentic Korean Moisturizing Skincare (12-Packs),Celavi Essence Facial,,,2022-12-11
B07FPT52DY,"Peach Slices - Acne Spot Dots (30 ct) - Hydrocolloid Pimple Patches for Face - Absorb Gunk, Protect Picking & Support Healing",,,,2026-09-30
B07G1VKCND,"Rael Miracle Invisible Spot Cover - Hydrocolloid, Acne Pimple Absorbing Cover, Blemish Spot, Skin Care, Facial Stickers,",Rael,,,2022-03-08
B07GB3NVN1,"Native Deodorant Contains Naturally Derived Ingredients, 72 Hour Odor Control, Deodorant for Women and Men, Aluminum Free, Co",,Native,-,2026-09-30
B07GBFT6Z3,"Bath and Body Gift Basket For Women and Men – 9 Piece Set of Vanilla Coconut Home Spa Set, Includes Fragrant Lotions, Ex",Bath and Body,,,2022-12-18
B07GKVBQDG,"Neutrogena Makeup Remover Facial Cleansing Towelette Singles, Daily Face Wipes Remove Dirt, Oil, Makeup & Waterproof Mas",Neutrogena,,,2022-03-08
B07GRBQXTV,"Neutrogena Hydro Boost City Shield Water Gel Face Moisturizer SPF 25 1.7 oz | Broad Spectrum SPF 25, Hydrating Gel Facial Sun",,,,2026-09-30
B07GVPQXRF,Chapstick Lip Tube (Pack of 3),ChapStick,,,2022-12-03
B07GVVLSG3,"ChapStick Classic Original Lip Balm Tubes, Lip Care - 0.15 Oz (Pack of 3)",ChapStick,,,2023-02-15
B07HG11ZR6,"Winky Lux Glimmer Balm, pH Lip Balm, Color Changing Lipstick and Tinted Lip Balm, Vegan & Cruelty Free Lip Balm, Hydrate",Winky Lux Glimmer,,,2023-11-25
B07JFC5NNP,"L'Oreal Paris Makeup True Match Lumi Glotion Natural Glow Enhancer Lotion, Deep, 1.35 Ounces",L’Oreal,,,2022-06-07
B07JYLWSGH,"Epielle Character Sheet Masks | Animal Spa Mask | -For All Skin Types |spa gifts for women, Spa Gift, Birthday Party Gif",Epielle Character Sheet,,,2022-12-03
B07K23HV61,"I'm From Rice Toner, 77.78% Rice Extract from Korea, Glow Essence with Niacinamide, Hydrating for Dry Skin, Vegan, Alcoh",I'm From Rice,,,2023-11-25
B07K3261ZD,Cerave Hyaluronic Acid Serum for Face with Vitamin B5 and Ceramides | Hydrating Face Serum for Dry Skin | Fragrance Free,CeraVe,,,2022-09-23
B07K8WS2BN,Tree Hut Shea Sugar Body Scrub Coconut Lime 18 oz,Tree Hut,,,2022-03-08
B07L1PHSY9,"Differin Acne Retinoid Treatment Gel, 0.1% Adapalene, 15g Tube | Over-The-Counter Retinoid, Clears Acne And Prevents Breakout",Differin,Differin,-,2022-03-08
B07MFMWFYL,"MRS. MEYER'S CLEAN DAY Liquid Hand Soap Refill, Rainwater, 33 OZ",Mrs. Meyer’s,,,2024-09-06
B07N93XF4Z,"DERMORA Under Eye Mask Patches - 20 Pack - Face Mask Skin Care Products to Reduce Puffy Eyes, Dark Circles, Wrinkles and",DERMORA,,,2022-09-23
B07NHZP4FW,Seraphic Skincare Korean Exfoliating Mitts (2pcs) Microdermabrasion at Home Exfoliating Gloves Visibly Lift Away Dead Sk,Seraphic Skincare Korean,,,2022-12-25
B07NJ2ZNL1,,,,,2026-09-30
B07P5TMHD9,20% Vitamin C Serum for Face WITH HYALURONIC ACID + RETINOL + FERULIC ACID + JOJOBA OIL + VIT E - Anti Aging Brightening,20% Vitamin C,,,2022-12-03
B07PBXXNCY,"Clean Skin Club Clean Towels XL®, 100% USDA Biobased Face Towel, Disposable Face Towelette, Eczema Association Accepted, Make",Clean Skin Club,CLEAN SKIN CLUB,-,2022-09-23
B07PM79MSC,,,,,2026-09-30
B07PNCCLD2,,,,,2026-09-30
B07PR467S5,"Tree Hut Shea Sugar Scrub Coco Colada, 18 oz, Ultra Hydrating and Exfoliating Scrub for Nourishing Essential Body Care",Tree Hut,,,2023-11-25
B07QZ5CTTF,"Nutrafol Women's Balance Hair Growth Supplements, Age 45+, 1-Month Bottle",,-,-,2026-09-30
B07R3GPFH5,Chapstick Lip Tube (Pack of 3),ChapStick,,,2022-12-11
B07RB6TNGN,"Garnier SkinActive Micellar Cleansing Water, For All Skin Types, 13.5 fl oz + Micellar Cleansing Water, For Waterproof M",Garnier SkinActive Micellar,,,2023-09-22
B07RHWBTS5,NIVEA Skin Firming Body Lotion Variety Pack with 16.9 Fl Oz Hydrating Body Lotion and 6.7 Oz Skin Firming Gel Cream,NIVEA Skin Firming,,,2023-01-01
B07RJ18VMF,"CeraVe Foaming Facial Cleanser, Daily Face Wash for Oily Skin, Hyaluronic Acid + Ceramides + Niacinamide, Fragrance Free",CeraVe,,,2025-11-01
B07RK4HST7,"CeraVe Daily Moisturizing Lotion, Face and Body Lotion, Skin care, 19oz | Hyaluronic Acid, Lotion For Dry Skin, Skin Barrier",CeraVe,CeraVe,-,2022-10-14
B07RL88DD2,"CeraVe Hydrating Facial Cleanser | Moisturizing Non-Foaming Face Wash with Hyaluronic Acid, Ceramides and Glycerin | Fra",CeraVe,,,2023-01-31
B07S3LNS1L,"Omron Upper Arm Blood Pressure Monitor, 3 Series",Omron Upper Arm,,,2023-02-08
B07SRRLVQ1,"Aquaphor Lip Repair Stick, Moisturizing Lip Balm Pack, Relieves Dryness, 0.17 Oz Stick, Pack of 2",Aquaphor,,,2025-11-13
B07TJG79HP,"Mrs. Meyer's Hand Soap, Made with Essential Oils, Biodegradable Formula, Rain Water, 12.5 fl. oz - Pack of 3",Mrs. Meyer’s,,,2022-09-23
B07V9R2XV8,Chapstick Lip Tube (Pack of 3),ChapStick,,,2022-12-18
B07VPFCKCB,"CeraVe Foaming Facial Cleanser, Makeup Remover and Daily Face Wash for Oily Skin, Paraben & Fragrance Free, 16 Fl Oz",CeraVe,,,2022-03-08
B07VQ96G8F,"Burts Bees 100% Natural Moisturizing Lip Balm, Winter Variety Pack, Chai Tea, Pumpkin Spice, Vanilla Maple, Pomegranate,",Burt’s Bees,,,2022-12-11
B07VQK44Q2,CeraVe Daily Moisturizing Lotion for Dry Skin | Body Lotion & Facial Moisturizer with Hyaluronic Acid and Ceramides | 12,CeraVe,,,2022-03-08
B07VRFC3Y7,"SkinSmart Facial Cleanser for Acne, Targets Bacteria for Active Teenage Athletes Post Workout and Adult Acne, 8 oz Spray",SkinSmart Facial Cleanser,,,2024-09-06
B07VW3YSWH,"Tree Hut Vitamin C Shea Sugar Scrub, 18 oz, Ultra Hydrating and Exfoliating Scrub for Nourishing Essential Body Care",Tree Hut,,,2024-09-06
B07VWSN95S,"CeraVe Retinol Serum for Post-Acne Marks and Skin Texture | Pore Refining, Resurfacing, Brightening Facial Serum with Re",CeraVe,,,2022-09-23
B07X62WVM4,Cliganic USDA Organic Lip Balm Set - 6 Flavors - 100% Natural Moisturizer for Cracked & Dry Lips,Cliganic,,,2022-12-11
B07XC569XF,"Neutrogena Hydro Boost Facial Cleansing Towelettes + Hyaluronic Acid, Hydrating Makeup Remover Face Wipes Remove Dirt & ",Neutrogena,,,2023-11-25
B07XG6BKCV,First Aid Beauty KP Bump Eraser Body Scrub Exfoliant for Keratosis Pilaris with 10% AHA – 8 oz,First Aid Beauty,,,2022-10-14
B07XJ7XWLW,"CeraVe Anti Aging Retinol Serum | Cream Serum for Smoothing Fine Lines and Skin Brightening | With Retinol, Hyaluronic A",CeraVe,,,2023-02-08
B07XXPHQZK,"LANEIGE Lip Sleeping Mask: Nourish & Hydrate with Vitamin C, Antioxidants, 0.7 oz.",LANEIGE,,,2022-10-14
B07YGVSGMW,"La Roche-Posay Anthelios Melt-In Milk Sunscreen for Face & Body SPF 100 | Lightweight, fast-absorbing sunscreen with antioxid",,,,2026-09-30
B07YLJPMC3,"CeraVe Acne Foaming Cream Cleanser | Acne Treatment Face Wash with 4% Benzoyl Peroxide, Hyaluronic Acid, and Niacinamide",CeraVe,,,2022-09-23
B07YLKXV11,"CeraVe Tinted Sunscreen for Face, Mineral SPF 30 Moisturizer, Medium, 1.7oz | Skin Care, Face Sunscreen, Hyaluronic Acid, Zin",CeraVe,,,2022-03-08
B081FFRGZB,"Softsoap Antibacterial Hand Soap Refill, White Tea & Berry Scent, 50 fl oz | Liquid, Paraben-Free, Phthalate-Free, Washes Awa",Softsoap,Softsoap,-,2025-10-01
B081KHK72J,"St. Tropez Self Tan Purity Bronzing Water Face Mist, Lightweight Face Tanner with Hyaluronic Acid, Tropical Scent, 100% ",St. Tropez Self,,,2022-04-20
B081KL2QYJ,"PanOxyl 10% Benzoyl Peroxide Acne Foaming Wash, Maximum Strength, Daily Acne-Fighting Face and Body Cleanser, Face Wash to Cl",PanOxyl,PanOxyl,-,2022-09-23
B0836GSR23,"Rena Chris Gua Sha Facial Tool, Natural Jade Stone Guasha Board for SPA Acupuncture Therapy Trigger Point Treatment, Gua",Rena Chris Gua,,,2022-12-03
B0837311RV,Dove Men+Care Body Wash for Men's Skin Care Extra Fresh Effectively Washes Away Bacteria While Nourishing Your Skin 18 o,Dove,,,2022-06-07
B083VY5GVN,"BLUE LIZARD Sensitive Mineral Sunscreen with Zinc Oxide, SPF 50+, Water Resistant, UVA/UVB Protection with Smart Bottle ",BLUE LIZARD Sensitive,,,2022-06-07
B0846G318P,Dove Deep Moisture Body Wash For Dry Skin Moisturizing Body Wash Transforms Even The Driest Skin In One Shower 22 oz 4 C,Dove,,,2022-05-10
B084MVWG1F,"Dial Antibacterial Liquid Hand Soap, Spring Water, 11 fl oz (Pack of 4)",Dial,,,2024-09-06
B084PVL1Q2,"Neutrogena Beach Defense Sunscreen Spray SPF 30 Water-Resistant Sunscreen Body Spray with Broad Spectrum SPF 30, PABA-Fr",Neutrogena,,,2022-06-07
B084ZP848Y,"Blue Lizard Sensitive Mineral Sunscreen SPF 50 Sunscreen Lotion, 5 fl oz | Daily sunscreen, 100% mineral actives, UVA/UVB bro",,,,2026-09-30
B085P3TYPS,"Mighty Patch Variety Pack from Hero Cosmetics - Hydrocolloid Acne Pimple Patches for Covering Zits and Blemishes, Spot S",Hero Cosmetics (Mighty Patch),,,2022-10-14
B08628VNNK,"Pimple Patches (120 Pack), Hydrocolloid Acne Patches with Tea Tree Oil - Pimple Patches for Face - Zit Patch and Pimple ",Pimple Patches,,,2023-01-31
B0862PNNLG,"BLUE LIZARD Baby Mineral Sunscreen with Zinc Oxide, SPF 50+, Water Resistant, UVA/UVB Protection with Smart Cap Technology - Fragrance Free, 3 Ounce Tube",,,,2026-09-30
B086K2KMNR,"Dove Beauty Bar Gentle Skin Cleanser Moisturizing for Gentle Soft Skin Care Original Made With 1/4 Moisturizing Cream, 3",Dove,,,2022-12-03
B086VKZZZY,Beauty of Joseon Serum Line Glow Serum Propolis + Niacinamide,Beauty of Joseon,,,2023-11-25
B086VQ9D7M,"EltaMD UV Clear Facial Sunscreen Broad-Spectrum SPF 46 for Sensitive or Acne-Prone Skin, Oil-free, Dermatologist-Recomme",EltaMD,,,2022-03-08
B087HDXS2T,Supergoop! PLAY Everyday Sunscreen Lotion SPF 50 for Face & Body,,,,2026-09-30
B088ZRZ668,"Supergoop! Glowscreen SPF 40 Tinted Sunscreen + Primer | Glowy moisturizing makeup primer filters blue light, hydration, hyal",,,,2026-09-30
B0896MFFJW,,,,,2026-09-30
B089BSNMVX,Dove Purely Pampering Body Wash for Dry Skin Coconut Butter and Cocoa Butter Effectively Washes Away Bacteria While Nour,Dove,,,2022-03-08
B089WRB791,"Amazon Basics Original Fresh Liquid Hand Soap, 32 Fluid Ounce, Pack of 2 (Previously Solimo)",Amazon Basics,,,2023-09-22
B08BW46XXK,"Vanicream Daily Facial Moisturizer, Lightweight, Non-Greasy, 3 Fl Oz | Formulated Without Common Irritants for Sensitive Skin",Vanicream,Vanicream,-,2023-09-22
B08CFVM1TT,"Supergoop! Unseen Sunscreen - SPF 40-1.7 fl oz - Invisible, Broad Spectrum Face Sunscreen - Weightless, Scentless, and O",Supergoop! Unseen Sunscreen,,,2023-05-25
B08CMS8P67,"Anua Heartleaf 77% Soothing Toner I pH 5.5 Skin Trouble Care, Calming Skin, Refreshing, Hydrating, Purifying, Cruelty Fr",Anua,,,2023-09-22
B08CQ9T6KN,"CeraVe SA Cleanser | Salicylic Acid Cleanser with Hyaluronic Acid, Niacinamide & Ceramides| BHA Exfoliant for Face | Fra",CeraVe,,,2023-12-02
B08DG3C22G,"Under Eye Patches (20 Pairs) - Gold Under Eye Mask Amino Acid & Collagen, Under Eye Mask for Face Care, Eye Masks for Da",Under Eye Patches,,,2022-10-14
B08H3JPH74,"Maybelline Lash Sensational Sky High Washable Mascara Makeup, Volumizing, Lengthening, Defining, Curling, Multiplying, Builda",,MAYBELLINE,-,2026-09-30
B08HJM5ZN4,"Cetaphil Sheer Mineral Sunscreen Stick, Face & Body, SPF 50, 0.5oz",,,,2026-09-30
B08KKK8D8J,"Method Foaming Hand Soap, Sweet Water, 10 oz, 3 pack, Packaging May Vary",Method,,,2022-10-14
B08KT2Z93D,"eos Shea Better Body Lotion- Vanilla Cashmere, 24-Hour Moisture, 16 fl oz | Natural Shea Butter & Oil, Whipped Vanilla & Cara",eos,eos,-,2023-11-25
B08KVK68F7,CeraVe Moisturizing Cream and Hydrating Face Wash Trial Combo | 12oz Cream + 3oz Travel Size Cleanser,CeraVe,,,2022-03-08
B08L88LZ4V,"Neutrogena Clear Face Sunscreen Lotion SPF 50, 3 fl. oz | For Acne-Prone Skin, Broad Spectrum UVA/UVB Protection, Fragrance-F",,,,2026-09-30
B08L8B5JR2,,,,,2026-09-30
B08LM7291W,"Dove Beauty Bar More Moisturizing Than Bar Soap for Softer Skin, Fragrance-Free, Hypoallergenic Beauty Bar Sensitive Ski",Dove,,,2022-12-11
B08LM864R5,"Dove Skin Care Beauty Bar For Softer Skin Cucumber and Green Tea More Moisturizing Than Bar Soap 3.75 oz, 14 Bars",Dove,,,2022-12-03
B08P25CZS3,"Silicone Scar Sheets, Strips, Tape - Keloid, C-Section, Surgical - Scars Removal Treatment - Silicon Gel Cream Patch Ban",Silicone Scar Sheets,,,2022-08-11
B08R994Q1L,,,,,2026-09-30
B08RJ4ZHXJ,,,,,2026-09-30
B08TM8DLFJ,"Good Molecules Hyaluronic Acid Serum for Face, Hydrating Serum, 1 fl oz | Deeply hydrates to plump the look of fine lines. Bo",,,,2026-09-30
B08W6CBVNN,"L'Oreal Paris Skincare Collagen Face Moisturizer, Fragrance-Free Day and Night Cream, Anti-Aging Face, Neck and Chest Cr",L’Oreal,,,2022-03-08
B08WYXNVQ7,"Salt & Stone Aluminum-Free Deodorant, Women & Men Santal & Vetiver 2.6 oz",,Salt & Stone,-,2026-09-30
B08XPZX934,Dove Refreshing Body Wash with Pump Revitalizes and Refreshes Skin Cucumber and Green Tea Effectively Washes Away Bacter,Dove,,,2022-05-10
B08Y8KT28V,"Blue Lizard Mineral SPF 50 Kids Sunscreen Lotion, 100% Mineral, 5 fl oz",,,,2026-09-30
B08YQX3SKH,"Gold Bond Age Renew Crepe Corrector Body Lotion, Replenishing & Smoothing Formula, 8 oz.",Gold Bond,,,2022-08-04
B08ZHGDP4G,"Bondi Sands Self Tanning Foam | Lightweight, Self-Tanner Foam Enriched with Aloe Vera and Coconut Provides an Even, Stre",Bondi Sands Self,,,2022-04-13
B08ZQRMH6D,"Seraphic Skincare Korean Exfoliating Mitts (1pc) Microdermabrasion at Home, Exfoliating Gloves Visibly Lift Away Dead Sk",Seraphic Skincare Korean,,,2022-03-08
B08ZXVVY8M,[Mixsoon] Bean Essence 1.69 fl oz / 50ml | Natural fermented soybean serum for moisturization and skin nourishment | Cru,,,,2023-11-25
B091NJQ29P,Good Molecules Yerba Mate Wake Up Eye Gel - Hydrating Under Eye Gel Cream with Hyaluronic Acid and Caffeine - Target Dar,Good Molecules Yerba,,,2026-01-09
B0932DMDL6,Body Glide for Her Anti Chafe Balm (USA Sale Only),Body Glide,,,2022-06-29
B0939675K6,"THAYERS Alcohol-Free Coconut Water Witch Hazel Facial Toner with Aloe Vera Formula, 12 Ounce",Thayers,,,2022-03-08
B093BVXPVQ,"Amazon Brand - Solimo Gentle & Mild Clear Liquid Hand Soap Refill, Triclosan-free, 56 Fluid Ounces, Pack of 1",Amazon Basics,,,2022-04-13
B093W7CDWD,"Colorescience, Total Protection Face Shield Flex, SPF 50",,,,2026-09-30
B0949N6XK7,"Dove Foaming Body Wash For Kids Cotton Candy Hypoallergenic Skin Care, 13.5 Fl Oz, Pack of 4",Dove,,,2023-02-15
B09541P9WH,"Amazon Essentials Cotton Swabs, 500 Count (Previously Amazon Basics)",,Amazon Essentials,-,2026-09-30
B09542G9ZN,"Amazon Essentials 100% Cotton Rounds, 100 Count (Previously Amazon Basics)",,Amazon Essentials,-,2026-09-30
B0957GJF1Z,"Neutrogena Ultra Sheer Dry-Touch Water Resistant and Non-Greasy Sunscreen Lotion with Broad Spectrum SPF 100+, 3 Fl Oz (",Neutrogena,,,2022-05-10
B095BVVRYQ,Sun Bum Original SPF 15 Sunscreen Spray |Vegan and Reef Friendly (Octinoxate & Oxybenzone Free) Broad Spectrum Moisturiz,Sun Bum,,,2022-05-10
B095FMX9LT,"Mighty Patch Original from Hero Cosmetics - Hydrocolloid Acne Pimple Patch for Covering Zits and Blemishes, Spot Sticker",Hero Cosmetics (Mighty Patch),,,2022-04-13
B09627ZW4W,First Aid Beauty KP Bump Eraser Body Scrub Exfoliant for Keratosis Pilaris with 10% AHA 2 oz.,First Aid Beauty,,,2022-04-13
B0972F2C39,"Green Tea Mask Stick for Face, Blackhead Remover, The Original Green Tea Mask Stick with Green Tea Extract, Deep Cleansi",Green Tea Mask,,,2023-01-01
B097QS4VK8,"CeraVe Hydrating Facial Cleanser | Moisturizing Non-Foaming Face Wash with Hyaluronic Acid, Ceramides and Glycerin | 16 ",CeraVe,,,2022-03-08
B097RKMKR1,"TruSkin Vitamin C Serum for Face, Anti Aging Serum with Hyaluronic Acid, Vitamin E, Organic Aloe Vera and Jojoba Oil, Hy",TruSkin Vitamin C,,,2022-03-08
B09847TW6D,"Bio-Oil Skincare Oil, Body Oil for Scars and Stretch Marks, Hydrates Skin, Non-Greasy, Dermatologist Recommended, Non-Co",Bio-Oil,,,2022-03-08
B099MSZX25,"Face Wash by CETAPHIL, Daily Facial Cleanser for Sensitive, Combination to Oily Skin, NEW 20 oz, Gentle Foaming, Soap Fr",Face Wash by,,,2022-09-23
B099N1LC4R,"Body Moisturizer by CETAPHIL, Hydrating Moisturizing Cream for Dry to Very Dry, Sensitive Skin, NEW 20 oz, Fragrance Fre",Body Moisturizer by,,,2023-01-08
B099TN7HFZ,"Cetaphil Face and Body Wipes, Gentle Skin Cleansing Cloths, 50 Count, Twin Pack, for Dry, Sensitive Skin, Flip Top Closu",Cetaphil,,,2022-03-08
B09CLLD99K,"Mrs. Meyer's Liquid Hand Soap, Snow Drop, 12.5 OZ",Mrs. Meyer’s,,,2023-11-25
B09CZX8CKD,"Mighty Patch Original from Hero Cosmetics - Hydrocolloid Acne Pimple Patch for Zits and Blemishes, Spot Treatment Sticke",Hero Cosmetics (Mighty Patch),,,2022-03-08
B09DDD6YGJ,"Dove Body Wash Antibacterial For All Skin Types 30.6 oz Pump, Sulfate Free",,,,2026-09-30
B09DNX6J3P,Sun Bum Sun Bum Original Spf 15 Sunscreen Hand Cream| Vegan and Reef Friendly (octinoxate & Oxybenzone Free) Broad Spect,Sun Bum,,,2022-05-10
B09GN1L2LK,"Irish Spring 5 in 1 Body Wash for Men, Men's Body Wash, Smell Fresh and Clean for 24 Hours, Conditions and Cleans Body, ",Irish Spring 5,,,2024-09-14
B09GSMBHQM,Cetaphil Gentle Skin Cleanser | 16 fl Oz (Pack of 2) | Hydrating Face Wash & Body Wash | Ideal for All skin types | Non-,Cetaphil,,,2022-03-08
B09HD2MSW6,"Softsoap Moisturizing Liquid Hand Soap, Soothing Clean Aloe Vera - 7.5 Fluid Ounces (6 Pack)",Softsoap,,,2022-03-08
B09HH95J2Z,"Amazon Basics Liquid Hand Soap Refill, Mango and Coconut Water Scent, Triclosan-Free, 56 Fluid Ounces, Pack of 1",Amazon Basics,,,2022-09-30
B09HHBZX91,"Amazon Basics Liquid Hand Soap Refill, Mango and Coconut Water Scent, Triclosan-Free, 56 Fluid Ounces, Pack of 2",Amazon Basics,,,2022-10-22
B09HHDHXWX,"Amazon Basics Gentle & Mild Clear Liquid Hand Soap Refill, Triclosan-Free, Dermatologist-Tested, pH Balanced, Cruelty-Free, 5",Amazon Basics,Amazon Basics,-,2025-10-01
B09HN8JBFP,"LANEIGE Water Sleeping Mask Overnight Gel, Replenishes Skin to Brighten, Clarify, Hydrate and Strengthen Skin's Moisture",LANEIGE,,,2022-10-14
B09HXTCHLZ,"CETAPHIL Hydrating Eye Gel-Cream , With Hyaluronic Acid , 0.5 fl oz , Brightens and Smooths Under Eyes , 24 Hour Hydrati",Cetaphil,,,2022-03-08
B09JMQ77NM,"CeraVe SA Cleanser | Salicylic Acid Face Wash with Hyaluronic Acid, Niacinamide & Ceramides| BHA Exfoliant for Face | 8 ",CeraVe,,,2022-03-08
B09JVNZVH3,"[Beauty of Joseon] Relief Sun (50ml, 1.69fl.oz)",Beauty of Joseon,,,2023-02-08
B09KYSZD9V,"Cetaphil Exfoliating Face Wash, Extra Gentle Daily Face Scrub, Gently Exfoliates & Cleanses, For All Skin Types, Non-Irr",Cetaphil,,,2022-03-08
B09L3F7JTG,"Mighty Patch Original from Hero Cosmetics - Hydrocolloid Acne Pimple Patch for Zits and Blemishes, Spot Treatment Sticke",Hero Cosmetics (Mighty Patch),,,2022-03-08
B09M7SPFSJ,"Ivory Body Wash, Designed for the Whole Family, Gentle Formula, Free of Dyes Heavy Perfumes Parabens Phthalates & Silicones, for Sensitive Skin, Designed for Skin's pH, Original Scent, 35 oz",,,,2026-09-30
B09MFMCTRK,"VALITIC Kojic Acid Dark Spot Remover Soap Bars with Vitamin C, Retinol, Collagen, Turmeric - Original Japanese Complex I",VALITIC Kojic Acid,,,2023-05-25
B09MV3MHJD,"Neutrogena Ultra Sheer Sunscreen Serum SPF 60, Fragrance-Free, 1.7 fl. oz",,,,2026-09-30
B09N7Z6KRW,"Lip Smacker Lippy Pals Flavored Lip Balm | Unicorn, Bunny, Llama | Clear Matte | for Kids Stocking Stuffer Christmas Gif",Lip Smacker,,,2023-11-25
B09NDC2PJR,"PanOxyl Acne Foaming Wash Benzoyl Peroxide 10% Maximum Strength Antimicrobial, 5.5 Oz",PanOxyl,,,2022-03-08
B09NLSRCL2,"Seraphic Skincare Korean Exfoliating Mitts (1pc) Microdermabrasion at Home, Exfoliating Gloves Visibly Lift Away Dead Sk",Seraphic Skincare Korean,,,2022-03-08
B09NPGBNRJ,"Mrs. Meyer's Clean Day Liquid Hand Soap Refill, Cruelty Free and Biodegradable Hand Wash Formula Made with Essential Oil",Mrs. Meyer’s,,,2022-03-08
B09NR6R7RZ,"Neutrogena Hydro Boost Hyaluronic Acid Hydrating Face Moisturizer Gel-Cream to Hydrate and Smooth Extra-Dry Skin, 1.7 oz",Neutrogena,,,2022-04-13
B09NXS395V,"NAZANO 24K Gold Under Eye Patches - 60 Pack for Puffy Eyes, Dark Circles, Bags & Wrinkles with Collagen & Hyaluronic Aci",NAZANO 24K Gold,,,2025-11-13
B09PG91V9Y,"Scar Cream Gel - Retinol, Allantoin, Vitamin E, Betaine - C-Section, Tummy Tuck, Keloid, Acne Reducing Treatment - Advan",Scar Cream Gel,,,2023-01-08
B09PH4VTH4,"Neutrogena Day & Night Wipes with Makeup Remover Face Cleansing Towelettes & Night Calming Facial Cloths, Alcohol-Free W",Neutrogena,,,2022-03-08
B09PZ6NDFF,"Mighty Patch Original from Hero Cosmetics - Hydrocolloid Acne Pimple Patch for Zits and Blemishes, Spot Treatment Sticke",Hero Cosmetics (Mighty Patch),,,2022-03-08
B09RKM9G3F,Handcraft Basil Essential Oil - 100 % Pure and Natural - Premium Therapeutic Grade with Premium Glass Dropper - Huge 4 F,Handcraft,,,2022-03-08
B09RYRCXKM,"Aquaphor Healing Balm Stick, Skin Protectant with Avocado Oil and Shea Butter, Holiday Gifts for Self Care, 0.65 Oz Stic",Aquaphor,,,2025-12-18
B09RYRH6LN,"Neutrogena Hydro Boost Hydrating Gel Eye Cream with Hyaluronic Acid, Dermatologist Recommended Water Gel Under-Eye Cream",Neutrogena,,,2022-03-08
B09RYSSLQZ,"Neutrogena Rapid Wrinkle Repair Retinol Cream, Anti-Wrinkle Face & Neck Cream with Hyaluronic Acid & Retinol, Fragrance-",Neutrogena,,,2022-03-08
B09S1T19JC,"Lip Balm, Burt's Bees Easter Basket Stuffers, Moisturizing Lip Care Spring Gift, 100% Natural, Original Beeswax, Cucumbe",Lip Balm,,,2022-03-08
B09SB7Z1KX,"Aveeno Daily Moisturizing Body Lotion with Soothing Oat and Rich Emollients to Nourish Dry Skin, Fragrance-Free, 2.5 fl.",Aveeno,,,2022-03-08
B09SF27T5Z,Dove go fresh Beauty Bar for Softer Skin Cucumber and Green Tea More Moisturizing than Bar Soap 3.75 oz 24 Bars,Dove,,,2022-06-29
B09SF3QKTK,Dove MEN+CARE Body and Face Wash for Healthier and Stronger Skin Clean Comfort Effectively Washes Away Bacteria While No,Dove,,,2022-05-10
B09SF46746,Dove Beauty Bar For All Skin Types Antibacterial Protects from Skin Dryness 3.75 oz 14 Bar,Dove,,,2022-03-08
B09SHB3N13,"Banana Boat Sport Performance Cool Zone, Reef Friendly, Broad Spectrum Sunscreen Spray, SPF 30, 6oz. - Twin Pack",Banana Boat Sport,,,2022-04-13
B09T2755FN,Lip Smacker Lippy Pal Moisturizing Lip Care| Clear Lip Balm| Bunny Rabbit| Hoppy Carrot Cake,Lip Smacker,,,2022-04-13
B09T5BFD9L,Vanicream Moisturizing Skin Cream with Pump Dispenser - 16 fl oz (1 lb) - Moisturizer Formulated Without Common Irritant,Vanicream,,,2022-03-08
B09TQ3JB78,"Supergoop! Unseen Sunscreen, 30ml - SPF 40 PA+++ Reef-Friendly, Broad Spectrum Face Sunscreen & Makeup Primer - Weightle",Supergoop! Unseen Sunscreen,,,2022-06-07
B09V7Z4TJG,"medicube Toner Pads Zero Pore Pad 2.0 for Exfoliation and Pore Care | Dual-Textured Facial Pad with 4.5% AHA Lactic Acid, 0.4",medicube,medicube,-,2024-09-06
B09VC755HN,"Hempz Body Moisturizer - Daily Herbal Moisturizer, Shea Butter Anti-Aging Body Moisturizer - Body Lotion, Hemp Extract L",Hempz,,,2022-04-13
B09VF8PXNZ,AXE Body Wash for Long Lasting Freshness Apollo Sage & Cedarwood Men's Body Wash with Odor-Busting Prebiotics 16 oz 4 Co,AXE Body Wash,,,2022-05-10
B09VLRLCN5,"Neutrogena Hydro Boost Winter Gift Set With Hyaluronic Acid Gel Cream Moisturizer, 1.0 Count",Neutrogena,,,2022-04-13
B09VVF2V6R,"Banana Boat Sport Ultra, Broad Spectrum Sunscreen Lotion, SPF 100, 4oz. - Twin Pack",Banana Boat Sport,,,2022-06-29
B09W3JQYMB,"Acne Treatment Differin Gel, 30 Day Supply, Retinoid Treatment for Face with 0.1% Adapalene, Gentle Skin Care for Acne P",Differin,,,2022-04-13
B09WFDZ654,"THAYERS Alcohol-Free Coconut Water Witch Hazel Facial Toner with Aloe Vera Formula, 12 oz",Thayers,,,2022-04-13
B09WFQRS5P,"Silicone Scar Tape as Sheets, Strips - 1.5",Silicone Scar Tape,,,2023-01-15
B09WJQ6QTG,"Neutrogena Rapid Wrinkle Repair Hyaluronic Acid Retinol Cream, Anti Wrinkle Cream, Face Moisturizer, Neck Cream & Dark S",Neutrogena,,,2022-04-13
B09WTLR7F3,"Neutrogena Makeup Remover Facial Cleansing Towelettes, Daily Face Wipes To Remove Dirt, Oil, Waterproof Mascara & Makeup",Neutrogena,,,2022-05-10
B09WTS8XP9,"Neutrogena Fragrance-Free Makeup Remover Cleansing Towelette Singles, Individually-Wrapped Daily Face Wipes to Remove Di",Neutrogena,,,2022-05-10
B09WVYWY9M,"Mrs. Meyer's Liquid Hand Soap Refill, Cruelty Free and Biodegradable Hand Wash Formula Made with Essential Oils, Lemon V",Mrs. Meyer’s,,,2022-04-13
B09X7C9958,"Neutrogena Day & Night Wipes with Makeup Remover Face Cleansing Towelettes & Night Calming Facial Cloths, Alcohol-Free W",Neutrogena,,,2022-04-13
B09XJV9KR4,"Makeup Remover Cleansing Face Wipes, 1 Pack of 25 Count",Makeup Remover Cleansing,,,2022-04-20
B09XKK8ZR9,"Mighty Patch Original from Hero Cosmetics - Hydrocolloid Acne Pimple Patch for Covering Zits and Blemishes, Spot Sticker",Hero Cosmetics (Mighty Patch),,,2022-04-13
B09XQXGJDF,"AM Facial Moisturizing Lotion SPF 30 | Oil-Free Face Moisturizer with Sunscreen, 3 Ounce 1 pack",AM Facial Moisturizing,,,2022-04-13
B09XR24NP3,"Fасiаl Mоisturizing Lоtiоn | Ultra-Lightweight, Oil-Free Moisturizer for Face | 1 Pack of 3 Ounce",Fасiаl Mоisturizing Lоtiоn,,,2022-04-13
B09XR4SPV8,"Bоdy Wаsh, 1 Pack of 10 Fl Oz",Bоdy Wаsh,,,2022-04-13
B09XXV5HC3,"Liquid Hand Soap, 1 Pack - 33 oz",Liquid Hand Soap,,,2022-04-20
B09XYV1Q3J,"Lip Balm, Burt's Bees Easter Basket Stuffers, Moisturizing Lip Care Spring Gift, 100% Natural, SuperFruit - Pomegranate,",Lip Balm,,,2022-04-20
B09Y4HHY1P,"Cetaphil Face Wash, Daily Facial Cleanser for Sensitive, Combination to Oily Skin, NEW 16 oz, Fragrance Free,Gentle Foam",Cetaphil,,,2023-05-25
B09Y6671JW,"Palmer's Cocoa Butter Formula Moisturizing Skin Therapy Oil for Face with Vitamin E, Rosehip Fragrance, 1 Ounce",Palmer's Cocoa Butter,,,2022-04-20
B09Y6TQX9G,"THAYERS Alcohol-Free Coconut Water Witch Hazel Facial Toner with Aloe Vera Formula, 12 oz",Thayers,,,2022-04-20
B09Y93YK45,Facial Moisturizing Lotion SPF 30 | Oil-Free Face Moisturizer with Sunscreen | Non-Comedogenic,Facial Moisturizing Lotion,,,2022-04-20
B09Y9BS1VJ,"Aveeno Daily Moisturizing Body Lotion with Soothing Oat and Rich Emollients to Nourish Dry Skin, Fragrance-Free, 2.5 fl.",Aveeno,,,2022-05-10
B09YJXC1WJ,"Dr. Squatch All Natural Bar Soap for Men, 3 Bar Variety Pack, Wood Barrel Bourbon, Fresh Falls, Birchwood Breeze - Natur",Dr. Squatch,,,2022-12-11
B09YN62N1S,"Neutrogena Hydro Boost Hydrating Gel Eye Cream with Hyaluronic Acid, Dermatologist Recommended Water Gel",Neutrogena,,,2022-05-10
B09ZFD5BN5,"Mighty Patch Original from Hero Cosmetics - Hydrocolloid Acne Pimple Patch for Covering Zits and Blemishes, Spot Sticker",Hero Cosmetics (Mighty Patch),,,2022-05-10
B09ZKP2JM1,"Linenspa 2 Inch Gel Infused Memory Foam Mattress Topper, Twin, Topper Only",Linenspa 2 Inch,,,2022-05-10
B09ZMTMLZF,Dove Refreshing Body Wash with Pump Revitalizes and Refreshes Skin Cucumber and Green Tea Effectively Washes Away Bacter,Dove,,,2022-05-10
B09ZV857G8,,,,,2022-05-10
B09ZVHVKNS,"Burts Bees Holiday Gift, 4 Lip Balms Stocking Stuffer, Beeswax Bounty Classic Set - Beeswax Moisturizing Lip Balm",Burt’s Bees,,,2022-12-25
B09ZVMMR3V,"Burt's Bees Holiday Gift, 4 Lip Balms Stocking Stuffer, Beeswax Bounty Set - Pomegranate, Sweet Mandarin, Coconut And Pe",Burt’s Bees,,,2022-12-18
B09ZVN2RX3,"Burt's Bees Christmas Gifts, 4 Lip Balms Stocking Stuffers Products, Festive Fix Set - Peppermint, Salted Caramel, Cranb",Burt’s Bees,,,2022-12-03
B09ZY7468X,"COSRX Vitamin E Sunscreen SPF 50, Natural Glow, for Oily Skin, 1.69 fl oz",,,,2026-09-30
B09ZYB8S31,"COSRX Niacinamide 15% Face Serum, Minimize Enlarged Pores, Redness Relief, Discoloration Correcting Treatment, 0.67 fl.o",COSRX,,,2023-11-25
B0B11P4JDJ,Handcraft Basil Essential Oil - 100 % Pure and Natural - Premium Therapeutic Grade with Premium Glass Dropper - Huge 4 F,Handcraft,,,2022-06-07
B0B11PJLV1,"Neutrogena Hydro Boost Hydrating Gel Eye Cream with Hyaluronic Acid, Dermatologist Recommended Water Gel Under-Eye Cream",Neutrogena,,,2022-06-07
B0B157ZGCY,"Mighty Patch Original from Hero Cosmetics - Hydrocolloid Acne Pimple Patch for Covering Zits and Blemishes, Spot Sticker",Hero Cosmetics (Mighty Patch),,,2022-08-04
B0B1PDDLGZ,"Naturium The Glow Getter Multi-Oil Body Wash, 16.9 fl oz | Nourishing Gentle Cleanser, Dissolves Impurities, Hydrating Base P",Naturium The Glow,Naturium,-,2026-02-06
B0B1QK2ZLS,"Under Eye Patches (20 Pairs) - Gold Under Eye Mask Amino Acid & Collagen, Under Eye Mask for Face Care, Eye Masks for Da",Under Eye Patches,,,2022-08-04
B0B1VRC2RP,"Neutrogena Daily Cleansing Waterproof Makeup Remover Facial Wipe Towelettes, Alcohol & Fragrance Free, Unscented, 50 Cou",Neutrogena,,,2022-06-07
B0B242913K,"Acne Treatment Differin Gel, 30 Day Supply, Retinoid Treatment for Face with 0.1% Adapalene, Gentle Skin Care for Acne P",Differin,,,2022-06-07
B0B2CLM5KX,"Neutrogena Fragrance-Free Makeup Remover Cleansing Towelette Singles, Individually-Wrapped Daily Face Wipes to Remove Di",Neutrogena,,,2022-06-07
B0B2RM68G2,"BIODANCE Bio-Collagen Real Deep Mask, Hydrating Overnight Hydrogel Face Mask, Pore Minimizing, Elasticity, Plumping, Travel E",BIODANCE Bio-Collagen Real,BIODANCE,-,2024-09-06
B0B3536DVS,"Neutrogena Daily Cleansing Waterproof Makeup Remover Facial Wipe Towelettes, Alcohol & Fragrance Free, Unscented, 50 Cou",Neutrogena,,,2022-06-07
B0B39LNFJY,"Mrs. Meyer's Liquid Hand Soap Refill, Cruelty Free and Biodegradable Hand Wash Formula Made with Essential Oils, Lemon V",Mrs. Meyer’s,,,2022-06-07
B0B3CM4J5K,"COSRX Acne Pimple Master Patch 72 Counts (Pack of 3), Absorbing Hydrocolloid Original 3 Size Patches for Blemishes and Z",COSRX,,,2022-06-07
B0B3LVLJ5Z,"Neutrogena Hydro Boost Face Moisturizer with Hyaluronic Acid, Hydrating Water Gel Moisturizer for Dry Skin, Oil Free, No",Neutrogena,,,2022-08-11
B0B47HHVQJ,"Babyganics 50 SPF Baby Sunscreen Spray and Bug Spray | Octinoxate & Oxybenzone Free | DEET Free, 6oz each, Combo 2 Pack",Babyganics 50 SPF,,,2022-06-29
B0B4BSNM9J,"COSRX Acne Pimple Patch Absorbing Hydrocolloid Original 3 Size Patches for Blemishes and Zits Cover, Spot Stickers for F",COSRX,,,2022-06-29
B0B4C56R68,"CeraVe Foaming Facial Cleanser, Makeup Remover and Daily Face Wash for Oily Skin, Paraben & Fragrance Free, 16 Fl Oz",CeraVe,,,2022-06-29
B0B4CH5581,"CeraVe Hydrating Facial Cleanser | Moisturizing Non-Foaming Face Wash with Hyaluronic Acid, Ceramides and Glycerin | 16 ",CeraVe,,,2022-06-29
B0B4HKNDLQ,SOL DE JANEIRO Jet Set,Sol de Janeiro,,,2023-11-25
B0B4V88LMC,"Starface Hydro-Stars, Hydrocolloid Pimple Patches, Absorb Fluid and Reduce Inflammation, Cute Star Shape, Vegan and Crue",Starface Hydro-Stars,,,2023-11-25
B0B4W3T2DK,"Mrs. Meyer's Hand Soap, Made with Essential Oils, Biodegradable Formula, Lemon Verbena, 12.5 fl. oz - Pack of 3",Mrs. Meyer’s,,,2022-06-29
B0B53ZJL6G,"Mighty Patch Original from Hero Cosmetics - Hydrocolloid Acne Pimple Patch for Covering Zits and Blemishes, Spot Sticker",Hero Cosmetics (Mighty Patch),,,2022-08-11
B0B57DMFP1,"Makeup Remover Cleansing Face Wipes, Daily Cleansing Facial Towelettes to Remove Waterproof Makeup and Mascara, Alcohol-",Makeup Remover Cleansing,,,2022-06-29
B0B57JQXY9,"PM Facial Moisturizing Lotion | Night Cream with Hyaluronic Acid and Niacinamide | Ultra-Lightweight, Oil-Free Moisturiz",PM Facial Moisturizing,,,2022-06-29
B0B58M4YPS,"Mighty Patch Original from Hero Cosmetics - Hydrocolloid Acne Pimple Patch for Covering Zits and Blemishes, Spot Sticker",Hero Cosmetics (Mighty Patch),,,2022-06-29
B0B58PVCHC,"Neutrogena Hydro Boost Winter Gift Set With Hyaluronic Acid Gel Cream Moisturizer, 1.0 Count",Neutrogena,,,2022-06-29
B0B59SVV87,"Dr. Squatch All Natural Bar Soap for Men, 3 Bar Variety Pack, NEW Coconut Castaway, Fresh Falls, and Cool Fresh Aloe - N",Dr. Squatch,,,2022-12-25
B0B5HPZV33,"Burts Bees Holiday Gift, Merry Melon Set - Watermelon Hand Cream, Lip Balm & Squeezy Tinted Lip Balm",Burt’s Bees,,,2022-12-19
B0B5N25X2R,"Burt's Bees Lip Balm, Moisturizing Lip Care, 100% Natural, Mango (2 Pack)",Burt’s Bees,,,2022-08-11
B0B5SQZD9T,"Mrs. Meyer's Hand Soap, Made with Essential Oils, Biodegradable Formula, Geranium, 12.5 fl. oz - Pack of 3",Mrs. Meyer’s,,,2022-08-04
B0B5XMV2P6,Sol de Janeiro Brazilian Bum Bum Body Cream,Sol de Janeiro,,,2022-08-04
B0B6DFSSNV,"CeraVe Hydrating Facial Cleanser | Moisturizing Non-Foaming Face Wash with Hyaluronic Acid, Ceramides and Glycerin | Fra",CeraVe,,,2022-08-04
B0B6DKL1Y5,"CeraVe SA Cleanser | Salicylic Acid Cleanser with Hyaluronic Acid, Niacinamide & Ceramides| BHA Exfoliant for Face | Fra",CeraVe,,,2022-08-04
B0B6WVQZJ8,"Neutrogena Makeup Remover Cleansing Face Wipes, Daily Cleansing Facial Towelettes to Remove Waterproof Makeup and Mascar",Neutrogena,,,2022-08-04
B0B7258DNN,"Mrs. Meyer's Hand Soap, Made With Essential Oils, Biodegradable Formula, Lemon Verbena, 12.5 FL. Oz - Pack Of 3",Mrs. Meyer’s,,,2022-08-04
B0B72LSXY5,"Aveeno Daily Moisturizing Body Lotion with Soothing Oat and Rich Emollients to Nourish Dry Skin, Fragrance-Free, 2.5 fl.",Aveeno,,,2022-08-04
B0B74F9H4Y,"Cetaphil Exfoliating Face Wash, Extra Gentle Daily Face Scrub, Gently Exfoliates & Cleanses, For All Skin Types, Non-Irr",Cetaphil,,,2022-08-04
B0B78FWJX8,"Mighty Patch Original from Hero Cosmetics - Hydrocolloid Acne Pimple Patch for Covering Zits and Blemishes, Spot Sticker",Hero Cosmetics (Mighty Patch),,,2022-08-04
B0B7Q2HXJW,"Mighty Patch Original from Hero Cosmetics - Hydrocolloid Acne Pimple Patch for Covering Zits and Blemishes, Spot Sticker",Hero Cosmetics (Mighty Patch),,,2022-08-04
B0B7Q58ZHF,CeraVe AM Facial Moisturizing Lotion SPF 30 | Oil-Free Face Moisturizer with Sunscreen | Non-Comedogenic | 3 Ounce,CeraVe,,,2022-08-04
B0B7Q774J5,"Mighty Patch Original from Hero Cosmetics - Hydrocolloid Acne Pimple Patch for Covering Zits and Blemishes, Spot Sticker",Hero Cosmetics (Mighty Patch),,,2022-08-04
B0B7Q89V4G,CeraVe Eye Repair Cream | Under Eye Cream for Dark Circles and Puffiness | Suitable for Delicate Skin Under Eye Area | 0,CeraVe,,,2022-08-04
B0B7Q9831W,"Mighty Patch Original from Hero Cosmetics - Hydrocolloid Acne Pimple Patch for Covering Zits and Blemishes, Spot Sticker",Hero Cosmetics (Mighty Patch),,,2022-08-11
B0B7QHVGCT,"CeraVe Retinol Serum for Post-Acne Marks and Skin Texture | Pore Refining, Resurfacing, Brightening Facial Serum with Re",CeraVe,,,2022-08-04
B0B7ZQ36WZ,"Cetaphil Face and Body Wipes, Gentle Skin Cleansing Cloths, 50 Count, Twin Pack, for Dry, Sensitive Skin, Flip Top Closu",Cetaphil,,,2022-08-04
B0B81KGFKT,"COSRX Acne Pimple Patch (72 Counts) Absorbing Hydrocolloid Original 3 Size Patches for Blemishes and Zits Cover, Spot St",COSRX,,,2022-08-04
B0B88JKQRT,"Deep Moisture Body Wash, Shower Gel, Pina Colada Scent, Moisturizing Body Wash Cleanser, 18 fl oz",Deep Moisture Body,,,2022-08-04
B0B8QRX843,"Softsoap Moisturizing Liquid Hand Soap, Soothing Clean Aloe Vera - 7.5 Fl Oz (Pack of 6)",Softsoap,,,2022-08-11
B0B8T56QJH,"Acne Treatment Differin Gel, 30 Day Supply, Retinoid Treatment for Face with 0.1% Adapalene, Gentle Skin Care for Acne P",Differin,,,2022-08-11
B0B8TL7RSX,"Mrs. Meyer's Hand Soap Refill, Made with Essential Oils, Biodegradable Formula, Basil, 33 fl. oz",Mrs. Meyer’s,,,2022-08-11
B0B8Y9YVW7,"Black Disposable Face Masks, 100 Pack Black Face Masks 3 Ply Filter Protection",Black Disposable Face,,,2022-08-11
B0B8ZTBMQN,"Makeup Remover Cleansing Face Wipes, Daily Cleansing Facial Towelettes to Remove Waterproof Makeup and Mascara, Alcohol-",Makeup Remover Cleansing,,,2022-08-11
B0B924B7NH,"Bio-Oil Skincare Oil, Body Oil for Scars and Stretch Marks, Hydrates Skin, Non-Greasy, Dermatologist Recommended, Non-Co",Bio-Oil,,,2022-08-11
B0B92NW1PP,"Facial Moisturizing Lotion | Night Cream with Hyaluronic Acid and Niacinamide | Ultra-Lightweight, Oil-Free Moisturizer ",Facial Moisturizing Lotion,,,2022-08-11
B0B92VBR6G,"SA Cleanser | Salicylic Acid Face Wash with Hyaluronic Acid, Niacinamide & Ceramides| BHA Exfoliant for Face",SA Cleanser,,,2022-08-11
B0B9VGZGYB,"RoC Derm Correxion Fill + Treat Advanced Retinol Serum, Wrinkle Filler Treatment with Hyaluronic Acid for Forehead Wrink",RoC,,,2023-01-15
B0BBSP2JNQ,SimplyVital Face Moisturizer Collagen Cream - Anti Aging Neck and Décolleté - Made in USA Day & Night Face Cream - Moist,SimplyVital,,,2023-09-22
B0BD4PPRP3,GOODAL Green Tangerine Vitamin C Serum 1.01 fl oz.,GOODAL Green Tangerine,,,2023-11-25
B0BDD7D34M,"Maskiss 24k Gold Under Eye Patches (25 Pairs), eye mask, Collagen Skin Care Products, Eye Patches for Puffy Eyes, eye ma",Maskiss 24k Gold,,,2025-12-18
B0BFC6M1Z1,"RoC Derm Correxion Fill + Treat Advanced Retinol Serum with Hyaluronic Acid for Forehead Wrinkles, Crow's Feet, Eleven W",RoC,,,2022-10-22
B0BFQ9RD5B,"d'alba Piedmont Italian White Truffle First Spray Serum, Vegan Skin Care, Light-weight Face Moisturizer, Glow Serum for ",d'alba Piedmont Italian,,,2025-10-01
B0BG6DT26R,"Hawaiian Tropic Sheer Touch SPF 70 Sunscreen Lotion, 8 Fl Oz",,,,2026-09-30
B0BN2PX8V3,"Anua Heartleaf Pore Control Cleansing Oil Korean Facial Cleanser, Daily Makeup Blackheads Removal 6.76 fl oz(200ml)",Anua,,,2023-11-25
B0BPDBYRTZ,,,,,2026-09-30
B0BQCSMD63,"Sun Bum Kids SPF 50 Clear Face Stick Sunscreen - Travel Size, 0.53 oz",,,,2026-09-30
B0BRMYHMS5,medicube Wrapping Mask Collagen - Overnight Peel Off Facial Mask,medicube,medicube,-,2025-10-01
B0BS49YW8Z,,,,,2026-09-30
B0BT1WN3ZD,"Method Body Wash, Sea + Surf, Paraben and Phthalate Free, Biodegradable Formula, 28 oz, (Pack of 1)",Method,,,2025-10-01
B0BVBYQGTW,"Dove Body Wash with Pump Sensitive Skin 3 Count Hypoallergenic, Paraben-Free, Sulfate-Free, Cruelty-Free, Moisturizing S",Dove,,,2023-09-22
B0BVV8BNYJ,"ANUA Heartleaf Quercetinol Pore Deep Cleansing Foam, Facial Cleanser, for Double Cleansing, BHA, Hyaluronic Acid, Glycer",Anua,,,2024-09-06
B0BX2TZZWG,"Tree Hut Vanilla Shea Sugar Exfoliating & Hydrating Body Scrub, 18 oz",Tree Hut,,,2025-10-01
B0C3PCJ6SD,"The Ordinary Salicylic Acid 2% Solution, Acne-Fighting Serum for Blemish-Prone Skin",,,,2026-09-30
B0C42HJRBF,"Summer Fridays Tinted Lip Butter Balm - Conditioning Vegan Lip Balm for Instant Moisture, Shine & Hydration - Sheer-Tint",Summer Fridays Tinted,,,2025-12-18
B0C45CK57M,"Abib Airy Sunstick Protection Bar SPF50+ Broad Spectrum, Semi-Matte Sunscreen Stick for Oily & Combination Skin, No White Cas",,,,2026-09-30
B0C69Z5LSP,"Biore UV Aqua Rich Moisturizer SPF 50 Facial Sunscreen, 1.7 fl oz | Oil-Free Daily Face Sunscreen, Hyaluronic Acid, Lightweig",,,,2026-09-30
B0C7W6GW8P,"e.l.f. Squeeze Me Lip Balm, Moisturizing Lip Balm For A Sheer Tint Of Color, Infused With Hyaluronic Acid, Vegan & Cruel",e.l.f.,,,2024-09-14
B0CCJ3SRB9,,,,,2026-09-30
B0CCRWC6W9,"Daolyo Pimple Patches for Face, 4 Size 300 Counts Acne Patches, Hydrocolloid Patches for Covering Zits and Blemishes, Sp",Daolyo Pimple Patches,,,2024-09-06
B0CJFFR574,"SUNGBOON EDITOR Deep Collagen Overnight Mask 37gx4ea | The real collagen 2,160,000ppb | Facial Hydrogel Masks with low m",SUNGBOON EDITOR Deep,,,2024-09-06
B0CLLV2T1P,"Anua Niacinamide 10 + TXA 4 Serum, Korean Skincare, 1.01 fl.oz | Dark Spot Care, Hyaluronic Acid, Tranexamic Acid, Lightweigh",,,,2026-09-30
B0CM2PPNMW,Mighty Patch™ Original patch from Hero Cosmetics – The #1 Hydrocolloid Acne Pimple Patch for Shrinking Zits and Whitehea,Hero Cosmetics (Mighty Patch),,,2025-11-01
B0CM4JVK6H,"La Roche-Posay Anthelios UV Daily Invisible Sunscreen SPF 50, 3 Formulas",,,,2026-09-30
B0CMYR1CNK,"e.l.f. Cream Glide Lip Liner, Highly-Pigmented Pencil For Shaping & Sculpting Lips, Semi-Matte Finish, Vegan & Cruelty-Free",,-,-,2026-09-30
B0CTJMB37K,"Good Molecules Pimple Patches, Hydrocolloid Patches for Face, 60 Count | Ultra-thin hydrocolloid patches that remove impuriti",,,,2026-09-30
B0CV9R8DTK,Black Girl Sunscreen Original SPF 30 Face & Body Sunscreen 2 Fl Oz | Travel-size moisturizing SPF 30 face and body sunscreen,,,,2026-09-30
B0CX21RTHH,"eos Shea Better Cashmere Body Wash, Fresh & Cozy, Moisturizing, pH Balanced Body Wash, Creamy Gel Formula, Paraben & Pht",eos,,,2025-10-01
B0CZF2T7CK,"L'Oreal Paris Infallible 3-Second Setting Spray, Up to 36HR Wear, 1.76 oz | Microfine Mist Dries Instantly to Lock in Makeup,",L’Oreal,L'Oreal Paris,-,2025-10-01
B0D16L5F2M,"medicube Exosome Shot Zero 2,000 PPM Spicule Facial Serum | Liquid Skin Booster Serum with Exosome, AHA+BHA+PHA - Pore Care,",,,,2026-09-30
B0D2Z3GGCY,medicube Capsule Cream with Deep Vitamin C for Radiance,medicube,medicube,-,2025-10-01
B0D38DMBPQ,,,,,2026-09-30
B0D442G15L,"e.l.f. Squeeze Me More Lip Balm Duo, Moisturizing Balm For A Sheer Tint Of Color, Made With Hyaluronic Acid, Vegan & Cru",e.l.f.,,,2025-12-18
B0D4NKT1TH,"Tree Hut Vanilla Foaming Gel Wash, Moisturizing & Hydrating Body Wash with Shea Butter, Gently Cleanses for Soft, Fresh ",Tree Hut,,,2025-12-18
B0D8W1YVBX,EQQUALBERRY Vitamin Illuminating Serum – Brightening Vitamin C Serum with Niacinamide | Strengthens skin barrier | Hydra,EQQUALBERRY Vitamin Illuminating,,,2025-11-01
B0DBF65JYY,medicube PDRN Pink Peptide Serum with Salmon DNA,medicube,medicube,-,2025-12-18
B0DDC3QGJL,KAHI Wrinkle Bounce Multi Balm Stick | PDRN Collagen Wrinkle Stick | Korean Skin Care |All-in-One Hydrating Lip Balm Eye,KAHI Wrinkle Bounce,,,2026-01-09
B0DG1DQ2S7,"Anua Azelaic Acid 10 Hyaluron Redness Soothing Serum, 1.01 fl oz",,ANUA,-,2026-09-30
B0DG4WXBCF,MEDITHERAPY Retinal Skin Booster Face&Body Serum for Uneven Skin 5.07 fl.oz,,,,2026-09-30
B0DGPSZVW3,medicube Collagen Jelly Cream- Niacinamide & Freeze-Dried Hydrolyzed Collagen - Boosts skin's barrier hydration and give,medicube,,,2025-12-18
B0DGTMR754,"medicube Jelly Gel Mask with Salmon DNA PDRN Pink Collagen, 4EA",medicube,medicube,-,2025-10-01
B0DJPB7H94,Dr.Melaxin Peel Shot Glow Rice Peeling Ampoule 80ml Daily Soft Exfoliating Face and Body Scrub Dead Skin Cells Blackhead,Dr.Melaxin Peel Shot,,,2025-12-18
B0DK4Y2YP3,celimax The Vita A Retinal Shot Tightening Booster (0.51 fl.oz),,celimax,-,2026-09-30
B0DKJ3BX2F,"d'alba Piedmont Waterfull Tone-Up Sunscreen Serum (1.69 fl oz), SPF 50+ | BROAD SPECTRUM SPF 50 +, Makeup Base, Foundation-Fr",,,,2026-09-30
B0DM2PZ1B8,"Body Restore Heated Eye Mask for Dry Eyes 5 Pack - Self Heating Warm Compress, Christmas Stocking Stuffers, White Elepha",Body Restore Heated,,,2025-12-18
B0DM9YRKVD,"EltaMD UV Skin Recovery 100% Mineral Face Sunscreen, SPF 50 | Red Color Correcting, Safe For Rosacea and Post-Procedure Skin,",,,,2026-09-30
B0DPHQRLJC,"eos Cashmere Body Wash- Vanilla Cashmere, Creamy Gel with Shea Butter, 16 fl oz",eos,eos,-,2025-11-01
B0DPNL864S,"Supergoop! Unseen Sunscreen for Face, SPF 50 Clear & Invisible | Clear face sunscreen, everyday use invisible sunscreen, make",,,,2026-09-30
B0DR9WDR2G,"BYOMA Sunscreen - Ultralight Face Fluid SPF 50, No White Cast | Antioxidant-Rich SPF Moisturiser, Non-Greasy, No White Cast F",,,,2026-09-30
B0DTKFZ662,"TKTK 443 Count Pimple Patches for Face, Hydrocolloid Acne Cover Patch Bulk | Pimple Stickers for Cheeks, Forehead, Chin Blemi",,,,2026-09-30
B0DVJ7BLQ7,,,,,2026-09-30
B0DWFLY18Y,"ANUA PDRN Hyaluronic Acid 100 Moisturizing Cream, 2.02 fl oz",,ANUA,-,2026-09-30
B0DWSL3ZBQ,"Anua Zero-Cast Moisturizing Sunscreen SPF 50, 1.69 fl oz | Glow Natural Sunscreen for face, No White Cast, Hyaluronic Acid, N",,,,2026-09-30
B0DYTQ5GYQ,"medicube Facial Cleanser Zero Pore Capsule Foam Cleanser | Daily Gentle Face Wash for Pore, Blackhead & Skin Texture Care, AH",medicube,medicube,-,2026-01-09
B0DZP8PN3N,"e.l.f. Glow Reviver Melting Lip Balm, Hydrating Tinted Lip Balm For A Glossy Finish & Soft, Supple Lips, Vegan & Cruelty",e.l.f.,,,2025-12-18
B0F24ZZN95,"Laneige Skincare & Lip Care Holiday Gift Sets – Lip Mask, Water Bank, Lip Glowy Balm – Beauty Essentials for Gifting & S",LANEIGE,,,2025-11-13
B0F5XZ8J5X,,,,,2025-11-01
B0F8RCW6PN,"eos Shea Better Body Lotion- Crème de Pistachio, 24-Hour Moisture Skin Care, Lightweight & Non-Greasy, Made with Natural",eos,,,2025-10-01
B0FC85X4B7,"Olay Body Wash for Women, Hydrating & Moisturizing, Holiday Edition, With Plant Based Cleansers, B3 Complex, For All Ski",Olay Body Wash,,,2025-11-01
B0FGQ3J31K,"EQQUALBERRY NAD+ Peptide Boosting Serum | 14 Peptide Serum for Face, Neck & Body | Vegan Collagen & Pink Serum for Anti-Aging",,,,2026-09-30
B0FKGJYFC8,Dr.Althea 345 Relief Cream | Moisturizer for Soothing Recovery and Blemish Care with PDRN & Niacinamide | Korean Vegan S,Dr.Althea 345 Relief,,,2026-01-09
B0FPQGLYK9,"medicube Sunscreen No Cast Just Glow Collagen, SPF 50 | SPF 50 Hydrating Face Sunscreen - Lightweight & Non-Sticky Formula, P",,,,2026-09-30
B0FQ531HJL,ROUND LAB Birch Juice Moisturizing UV LOCK SPF 45 1+1 (2-Pack) | Hydrating Lotion-like Lightweight Glow Sunscreen for Sensiti,,,,2026-09-30
B0FX418XT8,"Arencia Vitamin C Booster Shot Serum with Glutathione, Niacinamide and Vitamin E for Dark Spot Care, Fine Lines & Wrinkles, G",,,,2026-09-30
B0FXH5LHN8,"SKIN1004 Hyalu-Cica Water-Fit Sun Serum UV, SPF 50 Sunscreen, 1.69 fl.oz | UV Protection Centella Sunscreen for Face with Hya",,,,2026-09-30
B0FXNHDWM7,"CeraVe Invisible Mineral Sunscreen SPF 50, Face Sunscreen, 1.62oz | Skincare for Sun Protection, Travel Size Mineral Sunscree",,,,2026-09-30
B0FZPGQHFB,,,,,2026-09-30
B0G1VBDXYF,Luxe Color Changing Foundation – Medium,,Luxe Cosmetics,-,2026-09-30
B0G643D8ZG,"Dr.Althea 345 Relief Cream, 0.50 Fl Oz (Ver.2 - Pack of 1)",,Dr.Althea,-,2026-09-30
B0GCC2JV65,"medicube NAD EGF Firming Serum for Face & Body, Elasticity & Anti-Aging | NAD, EGF Peptide & Collagen - Wrinkle Appearance, E",,,,2026-09-30
B0GFPZZ6XV,,,,,2026-09-30
B0GHMZXX8Y,"medicube PDRN Collagen Volume Multi Balm Stick, Firming Face & Body Balm",,medicube,-,2026-09-30
B0GR23K9GY,innisfree Daily UV Defense Korean Sunscreen SPF 50+ PA++++,,,,2026-09-30
B0GXLFWPSS,"EltaMD UV Daily Hydration+ Tinted Face Sunscreen, SPF 50, 1.7oz",,,,2026-09-30
