기준일,축,지표,구분,값,단위,출처,수집일
2026-09-30,밸류에이션,컨센서스 EPS,코스맥스|FY2026E,14928,원,WiseReport 컨센서스(기존 트래커 이관),2026-09-30
2026-09-30,밸류에이션,컨센서스 EPS,코스맥스|FY2027E,18241,원,WiseReport 컨센서스(기존 트래커 이관),2026-09-30
2026-09-30,밸류에이션,컨센서스 EPS,코스맥스|FY2028E,21907,원,WiseReport 컨센서스(기존 트래커 이관),2026-09-30
2026-09-30,밸류에이션,컨센서스 목표주가,코스맥스,306737,원,WiseReport 컨센서스(기존 트래커 이관),2026-09-30
2026-09-30,밸류에이션,컨센서스 EPS,한국콜마|FY2026E,8270,원,WiseReport 컨센서스(기존 트래커 이관),2026-09-30
2026-09-30,밸류에이션,컨센서스 EPS,한국콜마|FY2027E,10091,원,WiseReport 컨센서스(기존 트래커 이관),2026-09-30
2026-09-30,밸류에이션,컨센서스 EPS,한국콜마|FY2028E,11560,원,WiseReport 컨센서스(기존 트래커 이관),2026-09-30
2026-09-30,밸류에이션,컨센서스 목표주가,한국콜마,170200,원,WiseReport 컨센서스(기존 트래커 이관),2026-09-30
2026-09-30,밸류에이션,컨센서스 EPS,코스메카코리아|FY2026E,7094,원,WiseReport 컨센서스(기존 트래커 이관),2026-09-30
2026-09-30,밸류에이션,컨센서스 EPS,코스메카코리아|FY2027E,8511,원,WiseReport 컨센서스(기존 트래커 이관),2026-09-30
2026-09-30,밸류에이션,컨센서스 EPS,코스메카코리아|FY2028E,9939,원,WiseReport 컨센서스(기존 트래커 이관),2026-09-30
2026-09-30,밸류에이션,컨센서스 목표주가,코스메카코리아,138200,원,WiseReport 컨센서스(기존 트래커 이관),2026-09-30
2026-09-30,밸류에이션,컨센서스 EPS,휴젤|FY2026E,13068,원,WiseReport 컨센서스(기존 트래커 이관),2026-09-30
2026-09-30,밸류에이션,컨센서스 EPS,휴젤|FY2027E,17082,원,WiseReport 컨센서스(기존 트래커 이관),2026-09-30
2026-09-30,밸류에이션,컨센서스 EPS,휴젤|FY2028E,22034,원,WiseReport 컨센서스(기존 트래커 이관),2026-09-30
2026-09-30,밸류에이션,컨센서스 목표주가,휴젤,360667,원,WiseReport 컨센서스(기존 트래커 이관),2026-09-30
2026-09-30,밸류에이션,컨센서스 EPS,파마리서치|FY2026E,19274,원,WiseReport 컨센서스(기존 트래커 이관),2026-09-30
2026-09-30,밸류에이션,컨센서스 EPS,파마리서치|FY2027E,23694,원,WiseReport 컨센서스(기존 트래커 이관),2026-09-30
2026-09-30,밸류에이션,컨센서스 EPS,파마리서치|FY2028E,28589,원,WiseReport 컨센서스(기존 트래커 이관),2026-09-30
2026-09-30,밸류에이션,컨센서스 목표주가,파마리서치,524667,원,WiseReport 컨센서스(기존 트래커 이관),2026-09-30
2026-09-30,밸류에이션,컨센서스 EPS,메디톡스|FY2026E,3033,원,WiseReport 컨센서스(기존 트래커 이관),2026-09-30
2026-09-30,밸류에이션,컨센서스 EPS,메디톡스|FY2027E,4266,원,WiseReport 컨센서스(기존 트래커 이관),2026-09-30
2026-09-30,밸류에이션,컨센서스 EPS,메디톡스|FY2028E,5828,원,WiseReport 컨센서스(기존 트래커 이관),2026-09-30
2026-09-30,밸류에이션,컨센서스 목표주가,메디톡스,85000,원,WiseReport 컨센서스(기존 트래커 이관),2026-09-30
2026-09-29,밸류에이션,컨센서스 EPS,코스맥스|FY2026E,14928,원,WiseReport 컨센서스(기존 트래커 이관),2026-09-30
2026-09-29,밸류에이션,컨센서스 EPS,코스맥스|FY2027E,18241,원,WiseReport 컨센서스(기존 트래커 이관),2026-09-30
2026-09-29,밸류에이션,컨센서스 EPS,코스맥스|FY2028E,21907,원,WiseReport 컨센서스(기존 트래커 이관),2026-09-30
2026-09-29,밸류에이션,컨센서스 목표주가,코스맥스,306737,원,WiseReport 컨센서스(기존 트래커 이관),2026-09-30
2026-09-29,밸류에이션,컨센서스 EPS,한국콜마|FY2026E,8282,원,WiseReport 컨센서스(기존 트래커 이관),2026-09-30
2026-09-29,밸류에이션,컨센서스 EPS,한국콜마|FY2027E,10123,원,WiseReport 컨센서스(기존 트래커 이관),2026-09-30
2026-09-29,밸류에이션,컨센서스 EPS,한국콜마|FY2028E,11571,원,WiseReport 컨센서스(기존 트래커 이관),2026-09-30
2026-09-29,밸류에이션,컨센서스 목표주가,한국콜마,170200,원,WiseReport 컨센서스(기존 트래커 이관),2026-09-30
2026-09-29,밸류에이션,컨센서스 EPS,코스메카코리아|FY2026E,7094,원,WiseReport 컨센서스(기존 트래커 이관),2026-09-30
2026-09-29,밸류에이션,컨센서스 EPS,코스메카코리아|FY2027E,8511,원,WiseReport 컨센서스(기존 트래커 이관),2026-09-30
2026-09-29,밸류에이션,컨센서스 EPS,코스메카코리아|FY2028E,9939,원,WiseReport 컨센서스(기존 트래커 이관),2026-09-30
2026-09-29,밸류에이션,컨센서스 목표주가,코스메카코리아,135200,원,WiseReport 컨센서스(기존 트래커 이관),2026-09-30
2026-09-29,밸류에이션,컨센서스 EPS,휴젤|FY2026E,13068,원,WiseReport 컨센서스(기존 트래커 이관),2026-09-30
2026-09-29,밸류에이션,컨센서스 EPS,휴젤|FY2027E,17082,원,WiseReport 컨센서스(기존 트래커 이관),2026-09-30
2026-09-29,밸류에이션,컨센서스 EPS,휴젤|FY2028E,22034,원,WiseReport 컨센서스(기존 트래커 이관),2026-09-30
2026-09-29,밸류에이션,컨센서스 목표주가,휴젤,368000,원,WiseReport 컨센서스(기존 트래커 이관),2026-09-30
2026-09-29,밸류에이션,컨센서스 EPS,파마리서치|FY2026E,19274,원,WiseReport 컨센서스(기존 트래커 이관),2026-09-30
2026-09-29,밸류에이션,컨센서스 EPS,파마리서치|FY2027E,23694,원,WiseReport 컨센서스(기존 트래커 이관),2026-09-30
2026-09-29,밸류에이션,컨센서스 EPS,파마리서치|FY2028E,28589,원,WiseReport 컨센서스(기존 트래커 이관),2026-09-30
2026-09-29,밸류에이션,컨센서스 목표주가,파마리서치,524667,원,WiseReport 컨센서스(기존 트래커 이관),2026-09-30
2026-09-29,밸류에이션,컨센서스 EPS,메디톡스|FY2026E,3033,원,WiseReport 컨센서스(기존 트래커 이관),2026-09-30
2026-09-29,밸류에이션,컨센서스 EPS,메디톡스|FY2027E,4266,원,WiseReport 컨센서스(기존 트래커 이관),2026-09-30
2026-09-29,밸류에이션,컨센서스 EPS,메디톡스|FY2028E,5828,원,WiseReport 컨센서스(기존 트래커 이관),2026-09-30
2026-09-29,밸류에이션,컨센서스 목표주가,메디톡스,85000,원,WiseReport 컨센서스(기존 트래커 이관),2026-09-30
2026-09-28,밸류에이션,컨센서스 EPS,코스맥스|FY2026E,14928,원,WiseReport 컨센서스(기존 트래커 이관),2026-09-30
2026-09-28,밸류에이션,컨센서스 EPS,코스맥스|FY2027E,18241,원,WiseReport 컨센서스(기존 트래커 이관),2026-09-30
2026-09-28,밸류에이션,컨센서스 EPS,코스맥스|FY2028E,21907,원,WiseReport 컨센서스(기존 트래커 이관),2026-09-30
2026-09-28,밸류에이션,컨센서스 목표주가,코스맥스,306737,원,WiseReport 컨센서스(기존 트래커 이관),2026-09-30
2026-09-28,밸류에이션,컨센서스 EPS,한국콜마|FY2026E,8282,원,WiseReport 컨센서스(기존 트래커 이관),2026-09-30
2026-09-28,밸류에이션,컨센서스 EPS,한국콜마|FY2027E,10123,원,WiseReport 컨센서스(기존 트래커 이관),2026-09-30
2026-09-28,밸류에이션,컨센서스 EPS,한국콜마|FY2028E,11571,원,WiseReport 컨센서스(기존 트래커 이관),2026-09-30
2026-09-28,밸류에이션,컨센서스 목표주가,한국콜마,170200,원,WiseReport 컨센서스(기존 트래커 이관),2026-09-30
2026-09-28,밸류에이션,컨센서스 EPS,코스메카코리아|FY2026E,6926,원,WiseReport 컨센서스(기존 트래커 이관),2026-09-30
2026-09-28,밸류에이션,컨센서스 EPS,코스메카코리아|FY2027E,8343,원,WiseReport 컨센서스(기존 트래커 이관),2026-09-30
2026-09-28,밸류에이션,컨센서스 EPS,코스메카코리아|FY2028E,9772,원,WiseReport 컨센서스(기존 트래커 이관),2026-09-30
2026-09-28,밸류에이션,컨센서스 목표주가,코스메카코리아,135200,원,WiseReport 컨센서스(기존 트래커 이관),2026-09-30
2026-09-28,밸류에이션,컨센서스 EPS,휴젤|FY2026E,13267,원,WiseReport 컨센서스(기존 트래커 이관),2026-09-30
2026-09-28,밸류에이션,컨센서스 EPS,휴젤|FY2027E,17211,원,WiseReport 컨센서스(기존 트래커 이관),2026-09-30
2026-09-28,밸류에이션,컨센서스 EPS,휴젤|FY2028E,22207,원,WiseReport 컨센서스(기존 트래커 이관),2026-09-30
2026-09-28,밸류에이션,컨센서스 목표주가,휴젤,368000,원,WiseReport 컨센서스(기존 트래커 이관),2026-09-30
2026-09-28,밸류에이션,컨센서스 EPS,파마리서치|FY2026E,19274,원,WiseReport 컨센서스(기존 트래커 이관),2026-09-30
2026-09-28,밸류에이션,컨센서스 EPS,파마리서치|FY2027E,23694,원,WiseReport 컨센서스(기존 트래커 이관),2026-09-30
2026-09-28,밸류에이션,컨센서스 EPS,파마리서치|FY2028E,28589,원,WiseReport 컨센서스(기존 트래커 이관),2026-09-30
2026-09-28,밸류에이션,컨센서스 목표주가,파마리서치,524667,원,WiseReport 컨센서스(기존 트래커 이관),2026-09-30
2026-09-28,밸류에이션,컨센서스 EPS,메디톡스|FY2026E,3033,원,WiseReport 컨센서스(기존 트래커 이관),2026-09-30
2026-09-28,밸류에이션,컨센서스 EPS,메디톡스|FY2027E,4266,원,WiseReport 컨센서스(기존 트래커 이관),2026-09-30
2026-09-28,밸류에이션,컨센서스 EPS,메디톡스|FY2028E,5828,원,WiseReport 컨센서스(기존 트래커 이관),2026-09-30
2026-09-28,밸류에이션,컨센서스 목표주가,메디톡스,85000,원,WiseReport 컨센서스(기존 트래커 이관),2026-09-30
2026-09-27,밸류에이션,컨센서스 EPS,코스맥스|FY2026E,14928,원,WiseReport 컨센서스(기존 트래커 이관),2026-09-30
2026-09-27,밸류에이션,컨센서스 EPS,코스맥스|FY2027E,18241,원,WiseReport 컨센서스(기존 트래커 이관),2026-09-30
2026-09-27,밸류에이션,컨센서스 EPS,코스맥스|FY2028E,21907,원,WiseReport 컨센서스(기존 트래커 이관),2026-09-30
2026-09-27,밸류에이션,컨센서스 목표주가,코스맥스,306737,원,WiseReport 컨센서스(기존 트래커 이관),2026-09-30
2026-09-27,밸류에이션,컨센서스 EPS,한국콜마|FY2026E,8282,원,WiseReport 컨센서스(기존 트래커 이관),2026-09-30
2026-09-27,밸류에이션,컨센서스 EPS,한국콜마|FY2027E,10123,원,WiseReport 컨센서스(기존 트래커 이관),2026-09-30
2026-09-27,밸류에이션,컨센서스 EPS,한국콜마|FY2028E,11571,원,WiseReport 컨센서스(기존 트래커 이관),2026-09-30
2026-09-27,밸류에이션,컨센서스 목표주가,한국콜마,170200,원,WiseReport 컨센서스(기존 트래커 이관),2026-09-30
2026-09-27,밸류에이션,컨센서스 EPS,코스메카코리아|FY2026E,6926,원,WiseReport 컨센서스(기존 트래커 이관),2026-09-30
2026-09-27,밸류에이션,컨센서스 EPS,코스메카코리아|FY2027E,8343,원,WiseReport 컨센서스(기존 트래커 이관),2026-09-30
2026-09-27,밸류에이션,컨센서스 EPS,코스메카코리아|FY2028E,9772,원,WiseReport 컨센서스(기존 트래커 이관),2026-09-30
2026-09-27,밸류에이션,컨센서스 목표주가,코스메카코리아,135200,원,WiseReport 컨센서스(기존 트래커 이관),2026-09-30
2026-09-27,밸류에이션,컨센서스 EPS,휴젤|FY2026E,13267,원,WiseReport 컨센서스(기존 트래커 이관),2026-09-30
2026-09-27,밸류에이션,컨센서스 EPS,휴젤|FY2027E,17211,원,WiseReport 컨센서스(기존 트래커 이관),2026-09-30
2026-09-27,밸류에이션,컨센서스 EPS,휴젤|FY2028E,22207,원,WiseReport 컨센서스(기존 트래커 이관),2026-09-30
2026-09-27,밸류에이션,컨센서스 목표주가,휴젤,368000,원,WiseReport 컨센서스(기존 트래커 이관),2026-09-30
2026-09-27,밸류에이션,컨센서스 EPS,파마리서치|FY2026E,19274,원,WiseReport 컨센서스(기존 트래커 이관),2026-09-30
2026-09-27,밸류에이션,컨센서스 EPS,파마리서치|FY2027E,23694,원,WiseReport 컨센서스(기존 트래커 이관),2026-09-30
2026-09-27,밸류에이션,컨센서스 EPS,파마리서치|FY2028E,28589,원,WiseReport 컨센서스(기존 트래커 이관),2026-09-30
2026-09-27,밸류에이션,컨센서스 목표주가,파마리서치,524667,원,WiseReport 컨센서스(기존 트래커 이관),2026-09-30
2026-09-27,밸류에이션,컨센서스 EPS,메디톡스|FY2026E,3033,원,WiseReport 컨센서스(기존 트래커 이관),2026-09-30
2026-09-27,밸류에이션,컨센서스 EPS,메디톡스|FY2027E,4266,원,WiseReport 컨센서스(기존 트래커 이관),2026-09-30
2026-09-27,밸류에이션,컨센서스 EPS,메디톡스|FY2028E,5828,원,WiseReport 컨센서스(기존 트래커 이관),2026-09-30
2026-09-27,밸류에이션,컨센서스 목표주가,메디톡스,85000,원,WiseReport 컨센서스(기존 트래커 이관),2026-09-30
2026-09-26,밸류에이션,컨센서스 EPS,코스맥스|FY2026E,14928,원,WiseReport 컨센서스(기존 트래커 이관),2026-09-30
2026-09-26,밸류에이션,컨센서스 EPS,코스맥스|FY2027E,18241,원,WiseReport 컨센서스(기존 트래커 이관),2026-09-30
2026-09-26,밸류에이션,컨센서스 EPS,코스맥스|FY2028E,21907,원,WiseReport 컨센서스(기존 트래커 이관),2026-09-30
2026-09-26,밸류에이션,컨센서스 목표주가,코스맥스,306737,원,WiseReport 컨센서스(기존 트래커 이관),2026-09-30
2026-09-26,밸류에이션,컨센서스 EPS,한국콜마|FY2026E,8282,원,WiseReport 컨센서스(기존 트래커 이관),2026-09-30
2026-09-26,밸류에이션,컨센서스 EPS,한국콜마|FY2027E,10123,원,WiseReport 컨센서스(기존 트래커 이관),2026-09-30
2026-09-26,밸류에이션,컨센서스 EPS,한국콜마|FY2028E,11571,원,WiseReport 컨센서스(기존 트래커 이관),2026-09-30
2026-09-26,밸류에이션,컨센서스 목표주가,한국콜마,170200,원,WiseReport 컨센서스(기존 트래커 이관),2026-09-30
2026-09-26,밸류에이션,컨센서스 EPS,코스메카코리아|FY2026E,6926,원,WiseReport 컨센서스(기존 트래커 이관),2026-09-30
2026-09-26,밸류에이션,컨센서스 EPS,코스메카코리아|FY2027E,8343,원,WiseReport 컨센서스(기존 트래커 이관),2026-09-30
2026-09-26,밸류에이션,컨센서스 EPS,코스메카코리아|FY2028E,9772,원,WiseReport 컨센서스(기존 트래커 이관),2026-09-30
2026-09-26,밸류에이션,컨센서스 목표주가,코스메카코리아,135200,원,WiseReport 컨센서스(기존 트래커 이관),2026-09-30
2026-09-26,밸류에이션,컨센서스 EPS,휴젤|FY2026E,13267,원,WiseReport 컨센서스(기존 트래커 이관),2026-09-30
2026-09-26,밸류에이션,컨센서스 EPS,휴젤|FY2027E,17211,원,WiseReport 컨센서스(기존 트래커 이관),2026-09-30
2026-09-26,밸류에이션,컨센서스 EPS,휴젤|FY2028E,22207,원,WiseReport 컨센서스(기존 트래커 이관),2026-09-30
2026-09-26,밸류에이션,컨센서스 목표주가,휴젤,368000,원,WiseReport 컨센서스(기존 트래커 이관),2026-09-30
2026-09-26,밸류에이션,컨센서스 EPS,파마리서치|FY2026E,19274,원,WiseReport 컨센서스(기존 트래커 이관),2026-09-30
2026-09-26,밸류에이션,컨센서스 EPS,파마리서치|FY2027E,23694,원,WiseReport 컨센서스(기존 트래커 이관),2026-09-30
2026-09-26,밸류에이션,컨센서스 EPS,파마리서치|FY2028E,28589,원,WiseReport 컨센서스(기존 트래커 이관),2026-09-30
2026-09-26,밸류에이션,컨센서스 목표주가,파마리서치,524667,원,WiseReport 컨센서스(기존 트래커 이관),2026-09-30
2026-09-26,밸류에이션,컨센서스 EPS,메디톡스|FY2026E,3033,원,WiseReport 컨센서스(기존 트래커 이관),2026-09-30
2026-09-26,밸류에이션,컨센서스 EPS,메디톡스|FY2027E,4266,원,WiseReport 컨센서스(기존 트래커 이관),2026-09-30
2026-09-26,밸류에이션,컨센서스 EPS,메디톡스|FY2028E,5828,원,WiseReport 컨센서스(기존 트래커 이관),2026-09-30
2026-09-26,밸류에이션,컨센서스 목표주가,메디톡스,85000,원,WiseReport 컨센서스(기존 트래커 이관),2026-09-30
2026-09-25,밸류에이션,컨센서스 EPS,코스맥스|FY2026E,14928,원,WiseReport 컨센서스(기존 트래커 이관),2026-09-30
2026-09-25,밸류에이션,컨센서스 EPS,코스맥스|FY2027E,18241,원,WiseReport 컨센서스(기존 트래커 이관),2026-09-30
2026-09-25,밸류에이션,컨센서스 EPS,코스맥스|FY2028E,21907,원,WiseReport 컨센서스(기존 트래커 이관),2026-09-30
2026-09-25,밸류에이션,컨센서스 목표주가,코스맥스,306737,원,WiseReport 컨센서스(기존 트래커 이관),2026-09-30
2026-09-25,밸류에이션,컨센서스 EPS,한국콜마|FY2026E,8282,원,WiseReport 컨센서스(기존 트래커 이관),2026-09-30
2026-09-25,밸류에이션,컨센서스 EPS,한국콜마|FY2027E,10123,원,WiseReport 컨센서스(기존 트래커 이관),2026-09-30
2026-09-25,밸류에이션,컨센서스 EPS,한국콜마|FY2028E,11571,원,WiseReport 컨센서스(기존 트래커 이관),2026-09-30
2026-09-25,밸류에이션,컨센서스 목표주가,한국콜마,170200,원,WiseReport 컨센서스(기존 트래커 이관),2026-09-30
2026-09-25,밸류에이션,컨센서스 EPS,코스메카코리아|FY2026E,6926,원,WiseReport 컨센서스(기존 트래커 이관),2026-09-30
2026-09-25,밸류에이션,컨센서스 EPS,코스메카코리아|FY2027E,8343,원,WiseReport 컨센서스(기존 트래커 이관),2026-09-30
2026-09-25,밸류에이션,컨센서스 EPS,코스메카코리아|FY2028E,9772,원,WiseReport 컨센서스(기존 트래커 이관),2026-09-30
2026-09-25,밸류에이션,컨센서스 목표주가,코스메카코리아,135200,원,WiseReport 컨센서스(기존 트래커 이관),2026-09-30
2026-09-25,밸류에이션,컨센서스 EPS,휴젤|FY2026E,13267,원,WiseReport 컨센서스(기존 트래커 이관),2026-09-30
2026-09-25,밸류에이션,컨센서스 EPS,휴젤|FY2027E,17211,원,WiseReport 컨센서스(기존 트래커 이관),2026-09-30
2026-09-25,밸류에이션,컨센서스 EPS,휴젤|FY2028E,22207,원,WiseReport 컨센서스(기존 트래커 이관),2026-09-30
2026-09-25,밸류에이션,컨센서스 목표주가,휴젤,368000,원,WiseReport 컨센서스(기존 트래커 이관),2026-09-30
2026-09-25,밸류에이션,컨센서스 EPS,파마리서치|FY2026E,19274,원,WiseReport 컨센서스(기존 트래커 이관),2026-09-30
2026-09-25,밸류에이션,컨센서스 EPS,파마리서치|FY2027E,23694,원,WiseReport 컨센서스(기존 트래커 이관),2026-09-30
2026-09-25,밸류에이션,컨센서스 EPS,파마리서치|FY2028E,28589,원,WiseReport 컨센서스(기존 트래커 이관),2026-09-30
2026-09-25,밸류에이션,컨센서스 목표주가,파마리서치,524667,원,WiseReport 컨센서스(기존 트래커 이관),2026-09-30
2026-09-25,밸류에이션,컨센서스 EPS,메디톡스|FY2026E,3033,원,WiseReport 컨센서스(기존 트래커 이관),2026-09-30
2026-09-25,밸류에이션,컨센서스 EPS,메디톡스|FY2027E,4266,원,WiseReport 컨센서스(기존 트래커 이관),2026-09-30
2026-09-25,밸류에이션,컨센서스 EPS,메디톡스|FY2028E,5828,원,WiseReport 컨센서스(기존 트래커 이관),2026-09-30
2026-09-25,밸류에이션,컨센서스 목표주가,메디톡스,85000,원,WiseReport 컨센서스(기존 트래커 이관),2026-09-30
2026-09-24,밸류에이션,컨센서스 EPS,코스맥스|FY2026E,14928,원,WiseReport 컨센서스(기존 트래커 이관),2026-09-30
2026-09-24,밸류에이션,컨센서스 EPS,코스맥스|FY2027E,18241,원,WiseReport 컨센서스(기존 트래커 이관),2026-09-30
2026-09-24,밸류에이션,컨센서스 EPS,코스맥스|FY2028E,21907,원,WiseReport 컨센서스(기존 트래커 이관),2026-09-30
2026-09-24,밸류에이션,컨센서스 목표주가,코스맥스,306737,원,WiseReport 컨센서스(기존 트래커 이관),2026-09-30
2026-09-24,밸류에이션,컨센서스 EPS,한국콜마|FY2026E,8282,원,WiseReport 컨센서스(기존 트래커 이관),2026-09-30
2026-09-24,밸류에이션,컨센서스 EPS,한국콜마|FY2027E,10123,원,WiseReport 컨센서스(기존 트래커 이관),2026-09-30
2026-09-24,밸류에이션,컨센서스 EPS,한국콜마|FY2028E,11571,원,WiseReport 컨센서스(기존 트래커 이관),2026-09-30
2026-09-24,밸류에이션,컨센서스 목표주가,한국콜마,170200,원,WiseReport 컨센서스(기존 트래커 이관),2026-09-30
2026-09-24,밸류에이션,컨센서스 EPS,코스메카코리아|FY2026E,6926,원,WiseReport 컨센서스(기존 트래커 이관),2026-09-30
2026-09-24,밸류에이션,컨센서스 EPS,코스메카코리아|FY2027E,8343,원,WiseReport 컨센서스(기존 트래커 이관),2026-09-30
2026-09-24,밸류에이션,컨센서스 EPS,코스메카코리아|FY2028E,9772,원,WiseReport 컨센서스(기존 트래커 이관),2026-09-30
2026-09-24,밸류에이션,컨센서스 목표주가,코스메카코리아,135200,원,WiseReport 컨센서스(기존 트래커 이관),2026-09-30
2026-09-24,밸류에이션,컨센서스 EPS,휴젤|FY2026E,13417,원,WiseReport 컨센서스(기존 트래커 이관),2026-09-30
2026-09-24,밸류에이션,컨센서스 EPS,휴젤|FY2027E,17344,원,WiseReport 컨센서스(기존 트래커 이관),2026-09-30
2026-09-24,밸류에이션,컨센서스 EPS,휴젤|FY2028E,22367,원,WiseReport 컨센서스(기존 트래커 이관),2026-09-30
2026-09-24,밸류에이션,컨센서스 목표주가,휴젤,372000,원,WiseReport 컨센서스(기존 트래커 이관),2026-09-30
2026-09-24,밸류에이션,컨센서스 EPS,파마리서치|FY2026E,19274,원,WiseReport 컨센서스(기존 트래커 이관),2026-09-30
2026-09-24,밸류에이션,컨센서스 EPS,파마리서치|FY2027E,23694,원,WiseReport 컨센서스(기존 트래커 이관),2026-09-30
2026-09-24,밸류에이션,컨센서스 EPS,파마리서치|FY2028E,28589,원,WiseReport 컨센서스(기존 트래커 이관),2026-09-30
2026-09-24,밸류에이션,컨센서스 목표주가,파마리서치,524667,원,WiseReport 컨센서스(기존 트래커 이관),2026-09-30
2026-09-24,밸류에이션,컨센서스 EPS,메디톡스|FY2026E,3033,원,WiseReport 컨센서스(기존 트래커 이관),2026-09-30
2026-09-24,밸류에이션,컨센서스 EPS,메디톡스|FY2027E,4266,원,WiseReport 컨센서스(기존 트래커 이관),2026-09-30
2026-09-24,밸류에이션,컨센서스 EPS,메디톡스|FY2028E,5828,원,WiseReport 컨센서스(기존 트래커 이관),2026-09-30
2026-09-24,밸류에이션,컨센서스 목표주가,메디톡스,85000,원,WiseReport 컨센서스(기존 트래커 이관),2026-09-30
2026-09-23,밸류에이션,컨센서스 EPS,코스맥스|FY2026E,14928,원,WiseReport 컨센서스(기존 트래커 이관),2026-09-30
2026-09-23,밸류에이션,컨센서스 EPS,코스맥스|FY2027E,18241,원,WiseReport 컨센서스(기존 트래커 이관),2026-09-30
2026-09-23,밸류에이션,컨센서스 EPS,코스맥스|FY2028E,21907,원,WiseReport 컨센서스(기존 트래커 이관),2026-09-30
2026-09-23,밸류에이션,컨센서스 목표주가,코스맥스,306737,원,WiseReport 컨센서스(기존 트래커 이관),2026-09-30
2026-09-23,밸류에이션,컨센서스 EPS,한국콜마|FY2026E,8282,원,WiseReport 컨센서스(기존 트래커 이관),2026-09-30
2026-09-23,밸류에이션,컨센서스 EPS,한국콜마|FY2027E,10123,원,WiseReport 컨센서스(기존 트래커 이관),2026-09-30
2026-09-23,밸류에이션,컨센서스 EPS,한국콜마|FY2028E,11571,원,WiseReport 컨센서스(기존 트래커 이관),2026-09-30
2026-09-23,밸류에이션,컨센서스 목표주가,한국콜마,170200,원,WiseReport 컨센서스(기존 트래커 이관),2026-09-30
2026-09-23,밸류에이션,컨센서스 EPS,코스메카코리아|FY2026E,6926,원,WiseReport 컨센서스(기존 트래커 이관),2026-09-30
2026-09-23,밸류에이션,컨센서스 EPS,코스메카코리아|FY2027E,8343,원,WiseReport 컨센서스(기존 트래커 이관),2026-09-30
2026-09-23,밸류에이션,컨센서스 EPS,코스메카코리아|FY2028E,9772,원,WiseReport 컨센서스(기존 트래커 이관),2026-09-30
2026-09-23,밸류에이션,컨센서스 목표주가,코스메카코리아,135200,원,WiseReport 컨센서스(기존 트래커 이관),2026-09-30
2026-09-23,밸류에이션,컨센서스 EPS,휴젤|FY2026E,13417,원,WiseReport 컨센서스(기존 트래커 이관),2026-09-30
2026-09-23,밸류에이션,컨센서스 EPS,휴젤|FY2027E,17344,원,WiseReport 컨센서스(기존 트래커 이관),2026-09-30
2026-09-23,밸류에이션,컨센서스 EPS,휴젤|FY2028E,22367,원,WiseReport 컨센서스(기존 트래커 이관),2026-09-30
2026-09-23,밸류에이션,컨센서스 목표주가,휴젤,372000,원,WiseReport 컨센서스(기존 트래커 이관),2026-09-30
2026-09-23,밸류에이션,컨센서스 EPS,파마리서치|FY2026E,19274,원,WiseReport 컨센서스(기존 트래커 이관),2026-09-30
2026-09-23,밸류에이션,컨센서스 EPS,파마리서치|FY2027E,23694,원,WiseReport 컨센서스(기존 트래커 이관),2026-09-30
2026-09-23,밸류에이션,컨센서스 EPS,파마리서치|FY2028E,28589,원,WiseReport 컨센서스(기존 트래커 이관),2026-09-30
2026-09-23,밸류에이션,컨센서스 목표주가,파마리서치,524667,원,WiseReport 컨센서스(기존 트래커 이관),2026-09-30
2026-09-23,밸류에이션,컨센서스 EPS,메디톡스|FY2026E,3033,원,WiseReport 컨센서스(기존 트래커 이관),2026-09-30
2026-09-23,밸류에이션,컨센서스 EPS,메디톡스|FY2027E,4266,원,WiseReport 컨센서스(기존 트래커 이관),2026-09-30
2026-09-23,밸류에이션,컨센서스 EPS,메디톡스|FY2028E,5828,원,WiseReport 컨센서스(기존 트래커 이관),2026-09-30
2026-09-23,밸류에이션,컨센서스 목표주가,메디톡스,85000,원,WiseReport 컨센서스(기존 트래커 이관),2026-09-30
